<svg width="160" height="160" viewBox="0 0 160 160" fill="none" xmlns="http://www.w3.org/2000/svg">
<g clip-path="url(#clip0_12074_2474)">
<path d="M150.111 114.79C148.685 121.393 146.387 126.909 143.369 131.489C143.285 131.615 143.2 131.744 143.115 131.867C143.105 131.883 143.095 131.898 143.083 131.913C142.998 132.039 142.914 132.167 142.826 132.291C142.703 132.468 142.581 132.641 142.457 132.815C142.456 132.815 142.456 132.818 142.456 132.818C142.348 132.965 142.24 133.114 142.13 133.261C141.613 133.96 141.079 134.635 140.525 135.287C140.353 135.489 140.18 135.691 140.005 135.888C139.535 136.419 139.056 136.933 138.562 137.432C137.806 138.195 137.022 138.923 136.213 139.617C136.038 139.769 135.86 139.918 135.682 140.067C135.552 140.175 135.421 140.28 135.289 140.386C135.061 140.569 134.834 140.749 134.603 140.924C131.532 143.284 128.128 145.186 124.447 146.689C121.447 147.915 118.269 148.878 114.943 149.607C113.718 149.88 112.47 150.118 111.208 150.328C109.837 150.554 108.446 150.746 107.036 150.904C106.754 150.936 106.471 150.968 106.188 150.996C105.294 151.091 104.389 151.169 103.481 151.237C101.345 151.395 99.1706 151.487 96.9674 151.518C93.3127 151.568 89.5745 151.45 85.7844 151.198C78.9674 150.744 71.9791 149.857 65.0182 148.718C63.3377 148.443 61.6918 148.134 60.0804 147.787C58.1091 147.365 56.1881 146.889 54.3175 146.362C54.0742 146.295 53.8322 146.226 53.5918 146.155C53.3542 146.086 53.1151 146.017 52.879 145.945C52.3217 145.778 51.7673 145.606 51.2201 145.428C39.5187 141.649 29.9844 135.704 22.8766 127.706C22.8622 127.687 22.8478 127.671 22.8334 127.655C20.8692 125.441 19.0894 123.07 17.5039 120.546C17.37 120.332 17.2361 120.117 17.1065 119.901C16.6428 119.145 16.1993 118.373 15.7716 117.59C15.6723 117.41 15.5743 117.23 15.4793 117.047C14.971 116.088 14.4857 115.113 14.0278 114.117C11.9945 109.688 10.4566 104.87 9.44137 99.6762C9.25273 98.7099 9.08137 97.7322 8.93017 96.7415C8.52553 94.1207 8.24761 91.4091 8.10073 88.6083C6.57001 59.5751 19.8857 46.5272 41.4511 33.9819C63.0137 21.4367 70.3519 5.23378 95.6974 8.89282C118.481 12.1818 143.96 30.2552 150.332 76.9688C150.901 81.1477 151.32 85.5541 151.568 90.201C151.633 91.3962 151.685 92.6101 151.726 93.8355C151.758 94.7615 151.778 95.6744 151.785 96.5715C151.85 103.406 151.267 109.454 150.111 114.79Z" fill="#FFF0E1"/>
<path d="M110.577 12.5952H104.775V27.9543H110.577V12.5952Z" fill="#D03C0B"/>
<path d="M114.305 32.9594V60.9429H46.2075V32.788H76.1595L76.1768 32.6181L95.0062 14.3013L114.307 32.9594H114.305Z" fill="#FFA385"/>
<path d="M73.8872 41.9307H49.8896V60.9473H73.8872V41.9307Z" fill="#7D2103"/>
<path d="M57.4763 41.9307H57.0735C57.0645 41.9424 57.0555 41.9541 57.0465 41.9658C56.9884 42.0411 56.9302 42.1166 56.8751 42.1941C56.8607 42.2143 56.8319 42.233 56.8088 42.2359C56.7381 42.2464 56.6889 42.2893 56.6398 42.3321C56.615 42.3537 56.5902 42.3754 56.5626 42.3928C56.5408 42.4068 56.5201 42.4236 56.4996 42.4403C56.4631 42.47 56.4269 42.4994 56.3855 42.5123C56.2665 42.5514 56.1607 42.6119 56.0559 42.6718C55.9869 42.7113 55.9184 42.7505 55.8469 42.7831C55.7857 42.8107 55.725 42.8423 55.664 42.874C55.4869 42.9661 55.307 43.0596 55.1024 43.0639C55.0695 43.0656 55.0355 43.0783 55.0011 43.0922C55.0329 43.0313 55.0633 42.9694 55.0909 42.9055C55.131 42.8154 55.163 42.7223 55.1954 42.6278L55.2133 42.5757C55.2844 42.3734 55.3388 42.1575 55.357 41.9307H54.9939C54.9921 41.9474 54.9898 41.9642 54.9872 41.981C54.9787 42.0334 54.9725 42.0866 54.9663 42.1401C54.9481 42.2954 54.9297 42.4531 54.8547 42.5987C54.8279 42.6514 54.8011 42.7047 54.7745 42.7578C54.7054 42.8955 54.6359 43.0342 54.5602 43.1687C54.4961 43.1616 54.4328 43.1431 54.3723 43.1085C54.3192 43.0793 54.2592 43.0584 54.1996 43.0376C54.1768 43.0297 54.1541 43.0218 54.1318 43.0135C53.9706 42.9544 53.8093 42.8723 53.7042 42.7312C53.6778 42.6996 53.643 42.6726 53.6076 42.6452C53.5946 42.6351 53.5816 42.625 53.5688 42.6146C53.5562 42.6031 53.5429 42.5917 53.5295 42.5802C53.477 42.5352 53.4221 42.4881 53.3946 42.4274C53.3795 42.3921 53.3642 42.3574 53.3491 42.323C53.3124 42.2395 53.2764 42.1578 53.2448 42.0731C53.2293 42.0265 53.2152 41.9789 53.2041 41.9307H52.7787C52.7772 41.9369 52.7756 41.9431 52.7739 41.9493C52.7882 42.0078 52.8003 42.0665 52.8124 42.1252C52.8333 42.2268 52.8543 42.3284 52.8862 42.4288C52.9323 42.5872 53.0159 42.7384 53.1498 42.8392C53.1714 42.8533 53.1869 42.879 53.2026 42.9052C53.211 42.9192 53.2195 42.9333 53.229 42.9458C53.242 42.961 53.2545 42.9771 53.267 42.9933C53.2962 43.0308 53.3257 43.0688 53.3629 43.097C53.5962 43.2899 53.8654 43.4311 54.1563 43.5088C54.2146 43.5245 54.2747 43.5379 54.3352 43.5482C54.2499 43.694 54.1631 43.8394 54.0354 43.9523C54.0095 43.9768 53.9821 44.0056 53.972 44.0373C53.9627 44.0637 53.9575 44.0929 53.9523 44.122C53.943 44.1738 53.9337 44.2254 53.9015 44.2605C53.876 44.2906 53.8357 44.3066 53.7951 44.3227C53.7599 44.3367 53.7245 44.3508 53.6984 44.3743C53.656 44.4123 53.6172 44.4551 53.5782 44.498C53.5391 44.5411 53.4998 44.5844 53.4565 44.6234C53.4297 44.6481 53.4032 44.6731 53.3766 44.6982C53.2933 44.7768 53.2098 44.8555 53.1181 44.9243C53.0962 44.9421 53.0738 44.9591 53.0515 44.9759C53.0106 45.0067 52.9701 45.0373 52.9338 45.0727C52.8865 45.1218 52.8361 45.1674 52.7856 45.2133C52.7576 45.2386 52.7296 45.264 52.7019 45.2901C52.6801 45.3088 52.6587 45.3281 52.6373 45.3474C52.5796 45.3996 52.5219 45.4518 52.4557 45.4917C52.4042 45.5243 52.3507 45.5528 52.2974 45.5813C52.188 45.6397 52.0791 45.6978 51.9891 45.7898C51.9791 45.8013 51.9589 45.8128 51.9431 45.8128C51.8163 45.8229 51.7343 45.8963 51.6594 45.9899C51.645 46.0101 51.619 46.0274 51.5946 46.036C51.559 46.0486 51.5238 46.0624 51.4887 46.0761C51.399 46.1114 51.3096 46.1464 51.2144 46.1599C51.141 46.1743 51.0805 46.1987 51.0215 46.2391C50.9019 46.324 50.7709 46.3773 50.637 46.4219C50.503 46.468 50.3605 46.4839 50.2151 46.4781C50.1647 46.4767 50.107 46.4896 50.0653 46.517C50.01 46.5515 49.9505 46.5742 49.8896 46.5934V46.9795C49.9372 46.9715 49.9847 46.9637 50.0322 46.9562C50.1001 46.945 50.1675 46.9292 50.235 46.9134C50.2805 46.9027 50.3262 46.892 50.372 46.8827C50.4858 46.8583 50.5981 46.8323 50.7075 46.7935C50.817 46.7575 50.9264 46.72 51.033 46.6754C51.1366 46.625 51.2389 46.5703 51.3368 46.5098C51.3599 46.4954 51.3872 46.4853 51.4146 46.4781L51.4746 46.4571C51.7102 46.3748 51.9492 46.2914 52.1735 46.1786C52.1896 46.1708 52.2064 46.1631 52.2235 46.1553C52.304 46.1186 52.3896 46.0795 52.4312 46.013C52.496 45.9165 52.5694 45.8618 52.6702 45.8344C52.7854 45.8071 52.8675 45.7351 52.9525 45.6559C53.0547 45.5594 53.1627 45.4643 53.2722 45.3794C53.5127 45.2095 53.7186 44.9992 53.9173 44.7818C54.1693 44.4851 54.4098 44.177 54.5826 43.8271C54.6185 43.7537 54.6623 43.6845 54.7061 43.6153L54.7336 43.5715C54.834 43.5675 54.9333 43.5561 55.0304 43.5391C55.5402 43.4469 55.9851 43.2338 56.3869 42.9847C56.7008 42.7888 56.973 42.5512 57.189 42.2647C57.2457 42.1886 57.3095 42.1179 57.3732 42.0472C57.408 42.0086 57.4427 41.97 57.4763 41.9307Z" fill="#D03C0B"/>
<path d="M49.8896 51.7733V50.8761C49.8965 50.8609 49.9034 50.8458 49.9103 50.8307C49.9629 50.7151 50.016 50.5986 50.0524 50.4758C50.0697 50.4081 50.1244 50.339 50.1733 50.2886C50.2921 50.1744 50.3919 50.0484 50.4913 49.9228C50.5172 49.8901 50.5431 49.8574 50.5693 49.8249C50.6975 49.6694 50.8098 49.5009 50.9178 49.3252C50.9769 49.2431 51.0417 49.1711 51.1266 49.1063C51.1927 49.0548 51.2558 48.9991 51.319 48.9432C51.3989 48.8726 51.479 48.8018 51.5658 48.7391C51.5946 48.7161 51.6249 48.6844 51.6407 48.6556C51.681 48.5822 51.7285 48.5174 51.7861 48.4612C51.8423 48.4036 51.91 48.359 51.9935 48.3302C52.0151 48.323 52.041 48.3042 52.0554 48.287C52.1433 48.1833 52.2498 48.1026 52.3607 48.0278C52.4186 47.9874 52.481 47.9538 52.5433 47.9203C52.5987 47.8905 52.6541 47.8607 52.7063 47.8262C52.768 47.7895 52.8272 47.7484 52.8865 47.7072C52.9531 47.661 53.02 47.6145 53.0908 47.5742L53.1663 47.5284C53.2722 47.4642 53.3786 47.3997 53.4868 47.338C53.5534 47.2962 53.6282 47.2696 53.7033 47.2429C53.7369 47.2309 53.7706 47.2189 53.8036 47.2055C53.8504 47.1877 53.8971 47.1694 53.9437 47.1512C54.1004 47.0898 54.2567 47.0285 54.4199 46.9852C54.4754 46.9692 54.5306 46.9504 54.5857 46.9316C54.6894 46.8963 54.7932 46.861 54.8994 46.8441C54.9501 46.8373 55.0018 46.8436 55.0526 46.8497C55.11 46.8567 55.1664 46.8635 55.2191 46.8513C55.279 46.8374 55.3347 46.8026 55.3916 46.767C55.4291 46.7436 55.4671 46.7198 55.5071 46.7015C55.5503 46.6842 55.6079 46.6814 55.6569 46.6799C55.798 46.677 55.9377 46.6641 56.0759 46.6454C56.1592 46.6341 56.2435 46.6291 56.3282 46.6241C56.3841 46.6207 56.4403 46.6174 56.4964 46.6122L56.5397 46.61C56.6652 46.6032 56.7916 46.5965 56.9169 46.6094C56.9964 46.6136 57.0771 46.6181 57.1572 46.6227C57.2419 46.6275 57.3273 46.6323 57.4122 46.6367C57.5764 46.6497 57.7391 46.677 57.8975 46.7159C58.0091 46.7436 58.1211 46.7628 58.2327 46.782C58.4177 46.8139 58.6015 46.8455 58.7802 46.9146C59.0524 47.0241 59.326 47.1393 59.5722 47.3078C59.6989 47.3956 59.8185 47.4935 59.9293 47.6001C60.17 47.8274 60.3638 48.0901 60.5571 48.3523C60.6344 48.4571 60.7117 48.5619 60.7919 48.6642C60.8394 48.7233 60.8783 48.791 60.9114 48.8586C60.9325 48.9038 60.95 48.9508 60.9675 48.9976C60.9919 49.0626 61.0161 49.1275 61.0497 49.187C61.077 49.233 61.1159 49.2762 61.1533 49.3166C61.1908 49.3554 61.2225 49.3886 61.2441 49.4332L61.3146 49.5729L61.3521 49.642C61.3552 49.6465 61.358 49.6525 61.3609 49.6585C61.37 49.6775 61.3792 49.6967 61.3967 49.6694C61.4316 49.6383 61.4654 49.6058 61.4991 49.5734C61.5403 49.5337 61.5814 49.4942 61.6242 49.4577L61.6559 49.4297C61.7204 49.3726 61.7928 49.3085 61.8705 49.2518C61.9583 49.1826 62.0476 49.1178 62.1426 49.0602L62.1955 49.0271C62.4981 48.8371 62.8069 48.6433 63.1607 48.5562C63.233 48.5366 63.3054 48.5053 63.3784 48.4738C63.4231 48.4544 63.4681 48.435 63.5135 48.418L63.5206 48.4153C63.6021 48.3844 63.6887 48.3515 63.7698 48.3431C63.9066 48.3332 64.0402 48.3127 64.1738 48.2922C64.2918 48.2741 64.4099 48.256 64.5301 48.2452C64.6569 48.2294 64.7937 48.2236 64.9117 48.2452C65.1019 48.2879 65.2849 48.2887 65.47 48.2896C65.5595 48.29 65.6496 48.2904 65.7412 48.2956C65.7585 48.2965 65.7763 48.297 65.7942 48.2975C65.8675 48.2996 65.9443 48.3019 66.009 48.3273L66.0453 48.342C66.2246 48.4146 66.4033 48.487 66.5706 48.5922C66.7391 48.6988 66.9004 48.8097 67.0458 48.9422C67.0724 48.9665 67.0992 48.9909 67.1262 49.0154C67.3143 49.1859 67.5078 49.3613 67.6362 49.583C67.6649 49.631 67.7049 49.6766 67.7453 49.7226C67.7739 49.7552 67.8027 49.788 67.8277 49.822C67.8482 49.851 67.871 49.8793 67.8939 49.9077C67.9596 49.9892 68.0263 50.072 68.0423 50.1777C68.0466 50.2079 68.0668 50.2511 68.0898 50.277C68.2396 50.4599 68.362 50.6802 68.4081 50.9423C68.4412 51.1871 68.4599 51.4377 68.457 51.6868C68.4628 52.1289 68.3029 52.5796 68.1085 52.9799C68.0907 53.0161 68.0757 53.0535 68.0607 53.0908C68.0237 53.1828 67.9868 53.2748 67.9069 53.3486C67.8852 53.3685 67.873 53.4062 67.8603 53.445C67.852 53.4707 67.8435 53.4967 67.8321 53.5185C67.8141 53.5548 67.7971 53.5926 67.7801 53.6306C67.7315 53.7388 67.6824 53.8482 67.6089 53.926C67.4979 54.0446 67.409 54.1723 67.3204 54.2995C67.2767 54.3622 67.2331 54.4248 67.1869 54.4862C67.053 54.6618 66.9177 54.8318 66.7578 54.9873C66.7197 55.0247 66.6794 55.067 66.6372 55.1112C66.5788 55.1724 66.5169 55.2373 66.4525 55.2983C66.3417 55.4049 66.2207 55.5057 66.0853 55.5935L66.0761 55.5993C66.0141 55.6379 65.9495 55.6781 65.8823 55.7001C65.7268 55.7534 65.6 55.7073 65.5799 55.618C65.5711 55.5815 65.57 55.5418 65.5689 55.5026L65.5684 55.4855C65.5655 55.3703 65.5914 55.3386 65.721 55.271C65.8175 55.2177 65.9097 55.1586 65.9975 55.091V55.0881H65.9989C66.2106 54.9095 66.4209 54.718 66.598 54.4862C66.6819 54.3737 66.7687 54.2628 66.8555 54.1519C67.001 53.9661 67.1465 53.7801 67.2791 53.5862C67.2845 53.5786 67.2893 53.5692 67.294 53.56C67.3019 53.5446 67.3095 53.5297 67.3194 53.5242C67.4561 53.4391 67.5143 53.3052 67.5734 53.1692C67.5903 53.1304 67.6073 53.0914 67.6261 53.0534C67.7209 52.8602 67.7781 52.6605 67.8353 52.461C67.871 52.3362 67.9067 52.2115 67.9516 52.0886C68.0668 51.7718 68.1129 51.4334 68.0985 51.1094L68.0927 50.9711L68.0697 50.8502L68.0265 50.7306C68.0092 50.6918 67.9861 50.6529 67.9645 50.6169C67.737 50.2641 67.4346 49.9329 67.1135 49.6089C66.9047 49.4015 66.6786 49.2071 66.4425 49.0314C66.3157 48.9378 66.2293 48.8817 66.1069 48.8327C65.9903 48.7852 65.8621 48.7521 65.7268 48.7305C65.1162 48.6412 64.4668 48.6729 63.8634 48.8313C63.8231 48.8427 63.7806 48.8482 63.7382 48.8537C63.7111 48.8573 63.6839 48.8608 63.6575 48.8658C63.6425 48.8692 63.6264 48.8715 63.6103 48.8737C63.5783 48.8782 63.5461 48.8827 63.5221 48.8961C63.3847 48.98 63.233 49.0248 63.0816 49.0695C62.9109 49.1199 62.7407 49.1702 62.5919 49.2762C62.4338 49.2904 62.3352 49.393 62.231 49.5015L62.2247 49.5081C62.1844 49.5542 62.134 49.593 62.0807 49.6305C62.0533 49.6492 62.026 49.6679 62.0015 49.6881L61.9608 49.7201C61.9336 49.7416 61.9064 49.763 61.8805 49.7831C61.8491 49.8071 61.8162 49.8344 61.7833 49.8618C61.7589 49.8821 61.7345 49.9024 61.7106 49.9214L61.6883 49.9402C61.6406 49.9803 61.5962 50.0176 61.5551 50.0625C61.5047 50.1158 61.4543 50.1676 61.401 50.218L61.3218 50.2929L61.2613 50.349C61.2613 50.349 61.2527 50.3346 61.2484 50.3289C61.1778 50.2108 61.1087 50.087 61.0396 49.9617L60.8322 49.5902L60.7804 49.5023L60.7516 49.4577C60.7329 49.4289 60.7127 49.4001 60.6911 49.3727C60.671 49.2555 60.6032 49.1607 60.5362 49.0669C60.5168 49.0398 60.4975 49.0128 60.4794 48.9854C60.4455 48.9331 60.4111 48.8809 60.3768 48.829L60.3763 48.8282C60.3249 48.7503 60.2737 48.6727 60.2245 48.5951C60.0935 48.3863 59.9581 48.1818 59.8041 47.9946L59.7909 47.9782C59.7376 47.9114 59.6835 47.8435 59.6183 47.7916C59.1532 47.4345 58.6132 47.2026 58.017 47.0774C57.9067 47.0535 57.7944 47.0395 57.6819 47.0254C57.652 47.0217 57.6221 47.0179 57.5922 47.014L57.4137 46.9924L57.2337 46.9823L56.8722 46.9607C56.6677 46.955 56.4589 46.965 56.2559 46.9881C56.1825 46.9958 56.1106 47.0116 56.0387 47.0273C55.9893 47.0382 55.94 47.049 55.8901 47.0572C55.8394 47.0675 55.7885 47.0765 55.7375 47.0855C55.6668 47.0979 55.5961 47.1104 55.5258 47.1263L55.1658 47.2185L54.9858 47.2631C54.943 47.2743 54.9015 47.2892 54.86 47.3041C54.843 47.3102 54.8259 47.3163 54.8087 47.3222C54.7367 47.3485 54.664 47.372 54.5914 47.3954C54.4855 47.4296 54.3799 47.4638 54.2773 47.5065C54.1381 47.5645 53.9971 47.6169 53.8549 47.6697L53.7517 47.7081C53.5876 47.7801 53.4292 47.8766 53.278 47.973C53.2603 47.9845 53.2426 47.9963 53.2253 48.0077C53.1217 48.0764 53.0228 48.142 52.9007 48.179C52.7783 48.2207 52.6717 48.2826 52.5897 48.405C52.5326 48.4864 52.4303 48.5525 52.3332 48.6152C52.3152 48.6269 52.2974 48.6384 52.2801 48.6498C52.183 48.709 52.0949 48.7782 52.0065 48.8476C51.9572 48.8864 51.9078 48.9252 51.8567 48.9623L51.6465 49.1222L51.4492 49.2993C51.4218 49.3238 51.3945 49.3497 51.3729 49.3785C51.2907 49.4822 51.2129 49.5885 51.1352 49.6945C51.0372 49.8282 50.9395 49.9615 50.8343 50.0884C50.7841 50.1567 50.7358 50.2269 50.6875 50.2971C50.6512 50.3497 50.615 50.4023 50.578 50.4542L50.4498 50.637C50.422 50.6797 50.397 50.7245 50.3718 50.7694C50.3605 50.7896 50.3491 50.8099 50.3375 50.83C50.3194 50.8623 50.3012 50.8945 50.2829 50.9266C50.22 51.0377 50.1572 51.1484 50.1013 51.2634C50.0365 51.4146 49.9732 51.5658 49.9127 51.717C49.905 51.7359 49.8973 51.7546 49.8896 51.7733Z" fill="#D03C0B"/>
<path d="M73.8873 46.3436V46.7747C73.5643 46.8404 73.2398 46.9004 72.911 46.9504C72.5467 47.0137 72.1723 47.0152 71.7979 46.9993C71.77 46.9974 71.7435 46.9891 71.7169 46.9808C71.7036 46.9766 71.6904 46.9725 71.6769 46.9691C71.6679 46.9667 71.6588 46.9631 71.6499 46.9595C71.6318 46.9522 71.6141 46.9451 71.5977 46.9489C71.4926 46.9806 71.3961 46.9461 71.304 46.9101L71.2847 46.9023C71.1978 46.8674 71.1128 46.8333 71.0203 46.8265C70.9542 46.748 70.8749 46.7578 70.7849 46.7689L70.7726 46.7704C70.72 46.7775 70.6688 46.7583 70.6181 46.7392C70.5966 46.7311 70.5752 46.7231 70.5537 46.7171C70.5392 46.7128 70.5251 46.7059 70.511 46.699C70.4874 46.6874 70.4638 46.6759 70.4385 46.6768C70.3434 46.6817 70.2614 46.647 70.1792 46.6121C70.117 46.5858 70.0546 46.5594 69.9864 46.5501C69.9454 46.4908 69.8868 46.4711 69.8273 46.451C69.8072 46.4443 69.7871 46.4375 69.7675 46.4291L69.7412 46.4174C69.6689 46.3854 69.5955 46.3529 69.5313 46.3067C69.4147 46.2232 69.298 46.1397 69.1915 46.0446C69.1784 46.0338 69.1658 46.0219 69.1533 46.0101C69.126 45.9843 69.0988 45.9586 69.0662 45.9438C68.929 45.8827 68.8048 45.8 68.6805 45.7172L68.6227 45.6789C68.4859 45.5752 68.3491 45.4686 68.2224 45.352C68.1915 45.3233 68.1586 45.2967 68.1256 45.2699C68.0956 45.2456 68.0654 45.2211 68.0366 45.195C67.9784 45.1419 67.9241 45.0843 67.8698 45.0266C67.8314 44.9858 67.7929 44.9449 67.7529 44.9056C67.7216 44.8743 67.6924 44.8405 67.6632 44.8068C67.6173 44.7537 67.5714 44.7005 67.5168 44.6565C67.3036 44.4765 67.128 44.2605 66.9624 44.0373C66.8976 43.9552 66.84 43.8659 66.7867 43.7766L66.7774 43.7611C66.7271 43.6769 66.6765 43.5923 66.6412 43.4987C66.6024 43.4065 66.5433 43.323 66.48 43.2438C66.431 43.1776 66.3936 43.1085 66.3907 43.0206C66.3907 42.9429 66.3561 42.8853 66.2856 42.8349C66.2335 42.7971 66.2132 42.7242 66.1949 42.6584L66.1891 42.6376C66.1315 42.4489 66.094 42.2545 66.0595 42.063C66.0566 42.0429 66.0523 42.0227 66.0422 42.0054C66.0279 41.9808 66.0145 41.9559 66.002 41.9307H66.401C66.4031 42.0066 66.4194 42.08 66.4359 42.1537L66.4454 42.1969C66.4497 42.2142 66.4612 42.2344 66.4771 42.2445C66.5548 42.2992 66.598 42.3625 66.5822 42.459C66.5808 42.472 66.5851 42.4864 66.5937 42.495C66.6632 42.5598 66.6887 42.6434 66.7141 42.7271C66.7272 42.7701 66.7403 42.8131 66.7593 42.8536C66.805 42.948 66.8672 43.0328 66.9292 43.1174C66.9571 43.1554 66.985 43.1935 67.0113 43.2323C67.0293 43.2585 67.0422 43.2883 67.0549 43.3179C67.0647 43.3405 67.0744 43.363 67.0862 43.3835L67.2446 43.6672C67.2611 43.6941 67.2797 43.7198 67.2983 43.7455C67.3284 43.7871 67.3586 43.8288 67.38 43.876C67.3907 43.8995 67.3905 43.9299 67.3903 43.9601C67.39 43.9945 67.3898 44.0286 67.4059 44.0517C67.426 44.0782 67.4648 44.0896 67.5037 44.1011C67.526 44.1076 67.5483 44.1142 67.5672 44.1237C67.5902 44.1352 67.6046 44.1597 67.6147 44.1827C67.6654 44.3006 67.7529 44.3895 67.84 44.4779L67.8753 44.5139C67.901 44.5403 67.9246 44.5687 67.9484 44.5972C67.97 44.6231 67.9917 44.6491 68.015 44.6737C68.0627 44.7257 68.1124 44.7761 68.1623 44.8266C68.2298 44.895 68.2976 44.9637 68.3606 45.0366C68.4194 45.1108 68.4979 45.1567 68.576 45.2024C68.6299 45.2339 68.6836 45.2653 68.7307 45.3059C68.8003 45.3691 68.8815 45.4177 68.9625 45.4662C69.0089 45.494 69.0553 45.5217 69.0993 45.5521L69.2923 45.6789C69.3278 45.7022 69.3627 45.7264 69.3976 45.7508C69.4577 45.7925 69.518 45.8345 69.5817 45.8718C69.6811 45.9323 69.7819 45.9899 69.8971 46.0187C69.9345 46.0288 69.9705 46.0461 70.0008 46.0705C70.0206 46.0847 70.0387 46.1029 70.0567 46.1211C70.0845 46.1491 70.1122 46.177 70.1462 46.1901C70.1714 46.2006 70.2018 46.1992 70.2318 46.1977C70.2634 46.1963 70.2946 46.1948 70.319 46.2073C70.3694 46.2333 70.4212 46.2563 70.4745 46.275C70.5292 46.2909 70.584 46.3053 70.6387 46.3182C70.6934 46.3305 70.7485 46.3431 70.8036 46.3557C70.8586 46.3683 70.9137 46.3809 70.9684 46.3931C71.0487 46.4163 71.1311 46.4267 71.2136 46.437C71.3206 46.4505 71.4276 46.464 71.53 46.5054C71.5684 46.5217 71.612 46.5163 71.6555 46.5109C71.6772 46.5081 71.699 46.5054 71.7201 46.5054C71.7328 46.5054 71.7459 46.5045 71.759 46.5036C71.7919 46.5012 71.8252 46.4988 71.854 46.5112C71.9524 46.5551 72.0553 46.5536 72.1585 46.552C72.1837 46.5516 72.209 46.5512 72.2342 46.5515L72.2647 46.5512C72.3189 46.5504 72.3746 46.5496 72.4243 46.5702C72.5683 46.6278 72.7051 46.5817 72.8376 46.5313C72.8514 46.5267 72.8652 46.5204 72.8789 46.514C72.9082 46.5005 72.9373 46.4871 72.9657 46.491C73.0558 46.5065 73.1425 46.4863 73.2277 46.4664L73.258 46.4593C73.2915 46.4517 73.3247 46.4431 73.358 46.4344C73.4193 46.4184 73.4807 46.4024 73.5432 46.3931C73.5816 46.3884 73.62 46.3816 73.6587 46.3747C73.691 46.3689 73.7235 46.3631 73.7563 46.3585C73.7991 46.3507 73.8425 46.3444 73.8873 46.3436Z" fill="#D03C0B"/>
<path d="M49.8896 56.5467V56.0994C49.9253 56.0893 49.9602 56.0773 49.995 56.0654C50.016 56.0582 50.037 56.051 50.0581 56.0442C50.0725 56.0399 50.0869 56.0284 50.0941 56.0111C50.1287 55.9333 50.1834 55.8916 50.2669 55.9088C50.2784 55.9117 50.29 55.906 50.2972 55.8988C50.3533 55.8293 50.4326 55.8135 50.511 55.7978C50.5431 55.7914 50.5751 55.785 50.6053 55.7749C50.6666 55.7538 50.7256 55.726 50.7849 55.6981C50.8426 55.6709 50.9006 55.6436 50.961 55.6223C50.9944 55.6094 51.0309 55.6061 51.0671 55.6029C51.0793 55.6018 51.0916 55.6007 51.1036 55.5992C51.1943 55.5863 51.2864 55.5747 51.3772 55.5675C51.3924 55.5656 51.4078 55.5634 51.4232 55.5611C51.4774 55.5531 51.5325 55.545 51.5874 55.5517C51.6095 55.5545 51.6319 55.5708 51.654 55.5868C51.678 55.6043 51.7017 55.6216 51.7242 55.6208C51.7501 55.6208 51.775 55.5975 51.8008 55.5733C51.8165 55.5585 51.8326 55.5434 51.8495 55.533C51.8682 55.5215 51.8927 55.5258 51.9128 55.533C52.0119 55.5608 52.11 55.5622 52.2087 55.5637C52.2275 55.5639 52.2467 55.5642 52.2656 55.5647C52.3089 55.5668 52.3513 55.5751 52.3935 55.5833C52.409 55.5863 52.4244 55.5893 52.4399 55.592L52.4937 55.6021C52.6116 55.624 52.73 55.6459 52.8388 55.6972C52.8985 55.727 52.9634 55.7356 53.0282 55.7442C53.0883 55.7521 53.1484 55.7601 53.2045 55.785C53.2544 55.8077 53.3061 55.8266 53.3578 55.8455C53.4209 55.8686 53.4842 55.8917 53.5444 55.9218C53.602 55.9477 53.6567 55.9837 53.7085 56.0197C53.7858 56.069 53.8543 56.1283 53.9227 56.1875C53.9983 56.2529 54.0737 56.3182 54.1607 56.3696C54.188 56.3869 54.2111 56.41 54.2269 56.4373C54.2392 56.4567 54.2471 56.4796 54.255 56.5022C54.2647 56.5301 54.2742 56.5578 54.2917 56.5784C54.3054 56.5948 54.3287 56.6028 54.3521 56.6108C54.3781 56.6196 54.4041 56.6285 54.417 56.649C54.4631 56.7235 54.519 56.7901 54.575 56.8566C54.6379 56.9315 54.7008 57.0064 54.7496 57.0925C54.7725 57.1323 54.7985 57.1707 54.8245 57.2092C54.8869 57.3016 54.9496 57.3944 54.97 57.5072C54.9766 57.5402 54.9986 57.5676 55.0207 57.5952C55.0323 57.6097 55.044 57.6243 55.0535 57.6397C55.0585 57.6476 55.0641 57.6553 55.0696 57.663C55.0864 57.6863 55.1032 57.7095 55.1053 57.7376C55.1104 57.8355 55.1502 57.9187 55.1902 58.0023L55.2064 58.0363C55.2279 58.0837 55.2507 58.1339 55.245 58.1884C55.2305 58.3071 55.2957 58.3907 55.3621 58.4759L55.3804 58.4994C55.3873 58.5085 55.3956 58.5173 55.4038 58.526C55.4229 58.5461 55.4417 58.566 55.4437 58.5901C55.4503 58.6853 55.4924 58.7679 55.5344 58.8502C55.566 58.9122 55.5975 58.974 55.6136 59.0408C55.6208 59.0711 55.6301 59.101 55.6394 59.131C55.6655 59.215 55.6918 59.2995 55.6727 59.3951C55.6674 59.4205 55.6766 59.4449 55.6859 59.4696C55.6918 59.4853 55.6978 59.5012 55.7 59.5175C55.7027 59.5347 55.709 59.5511 55.7153 59.5675C55.7295 59.6046 55.7438 59.6419 55.7159 59.6888C55.7072 59.7032 55.7087 59.7234 55.7173 59.7349C55.7786 59.8143 55.8237 59.8998 55.8693 59.9861C55.9179 60.0782 55.9671 60.1713 56.037 60.2591C56.1546 60.4033 56.1974 60.5816 56.2394 60.7569L56.2429 60.7717C56.247 60.7878 56.2537 60.8033 56.2604 60.8189C56.2772 60.8578 56.2939 60.8968 56.2703 60.9431L56.2686 60.9473H55.8728C55.8549 60.8853 55.8225 60.8279 55.7903 60.7707C55.7499 60.699 55.7098 60.6278 55.6986 60.5485C55.682 60.4234 55.6405 60.3029 55.5992 60.1828L55.5834 60.1367L55.5726 60.1037C55.5509 60.0368 55.5292 59.97 55.4884 59.9106C55.376 59.7436 55.3069 59.565 55.2508 59.3778C55.1788 59.1373 55.0924 58.8997 54.9829 58.6693C54.9288 58.556 54.8787 58.4423 54.8292 58.3299C54.768 58.191 54.7077 58.0541 54.6416 57.922C54.6327 57.9041 54.6299 57.8829 54.6272 57.862C54.626 57.8526 54.6247 57.8431 54.6229 57.8341C54.6215 57.8281 54.6212 57.8213 54.6208 57.8143C54.6201 57.7995 54.6193 57.7844 54.6085 57.7765C54.537 57.726 54.5238 57.6491 54.5107 57.5729C54.4996 57.5079 54.4885 57.4434 54.4415 57.3964C54.4674 57.3143 54.4098 57.2797 54.3493 57.248C54.317 57.2304 54.2993 57.1994 54.2818 57.1688C54.2736 57.1543 54.2654 57.14 54.2557 57.1271C54.25 57.1188 54.2462 57.1089 54.2424 57.0993C54.2357 57.0821 54.2291 57.0653 54.2125 57.0579C54.1585 57.0317 54.1256 56.989 54.0932 56.947C54.0634 56.9084 54.0341 56.8704 53.9893 56.8463C53.9937 56.7886 53.9586 56.7647 53.9238 56.7409C53.9125 56.7332 53.9013 56.7255 53.8914 56.7167C53.8775 56.7032 53.8632 56.6903 53.849 56.6773C53.8205 56.6514 53.792 56.6255 53.7661 56.5957C53.7071 56.5208 53.6423 56.4488 53.5746 56.3754C53.5662 56.3675 53.5584 56.3586 53.5506 56.3497C53.5328 56.3296 53.5151 56.3095 53.4911 56.3005C53.4229 56.2737 53.3555 56.2459 53.2882 56.2182C53.1353 56.1551 52.9829 56.0923 52.8229 56.0413C52.7927 56.0299 52.7612 56.0245 52.7295 56.0191C52.7053 56.0149 52.681 56.0107 52.6573 56.0039C52.5652 55.9808 52.473 55.9578 52.378 55.9434L52.341 55.9372C52.2726 55.9255 52.2041 55.9137 52.1346 55.9247C52.0464 55.9376 51.9585 55.9462 51.8711 55.9548C51.7643 55.9652 51.6581 55.9756 51.5528 55.9938C51.5161 55.9996 51.4796 56.0057 51.4431 56.0118C51.3334 56.0302 51.2238 56.0485 51.1093 56.0572C51.0373 56.0629 50.9682 56.0932 50.9048 56.1292C50.8516 56.158 50.7997 56.1767 50.7335 56.1623C50.6744 56.1493 50.6284 56.1695 50.5938 56.2314C50.5713 56.2729 50.5243 56.2841 50.4795 56.2948C50.4699 56.2971 50.4604 56.2994 50.4512 56.3019L50.3714 56.3242C50.259 56.3555 50.1454 56.3871 50.0336 56.4244C50.0192 56.4287 50.0048 56.4344 49.9948 56.446C49.9613 56.4822 49.9261 56.5155 49.8896 56.5467Z" fill="#D03C0B"/>
<path d="M88.0078 36.0283H78.8538V48.3677H88.0078V36.0283Z" fill="white"/>
<path d="M110.286 36.1489H101.132V48.4883H110.286V36.1489Z" fill="white"/>
<path d="M46.219 33.0732L76.1177 32.945L94.5972 15.1236L114.304 32.9594H116.596L94.5915 12.2104L80.1454 25.9063L51.9041 26.1626L46.2204 33.0732H46.219Z" fill="#111116"/>
<path d="M94.649 29.7886C96.3496 29.7886 97.7292 28.4321 97.7292 26.7603C97.7292 25.0884 96.3496 23.7319 94.649 23.7319C92.9484 23.7319 91.5688 25.0884 91.5688 26.7603C91.5688 28.4321 92.9469 29.7886 94.649 29.7886Z" fill="white"/>
<path d="M94.2834 37.0752H95.0149C97.2512 37.0752 99.0656 38.8882 99.0656 41.1202V57.8573H90.2312V41.1202C90.2312 38.8867 92.047 37.0752 94.2819 37.0752H94.2834Z" fill="#0041D9"/>
<path d="M94.4087 39.0884H94.8882C96.357 39.0884 97.5479 40.2778 97.5479 41.7437V48.0466H91.7461V41.7437C91.7461 40.2778 92.9384 39.0884 94.4058 39.0884H94.4072H94.4087Z" fill="white"/>
<path d="M102.592 56.4404H86.7061V58.6047H102.592V56.4404Z" fill="#7D2103"/>
<path d="M104.324 58.603H84.9722V61.0352H104.324V58.603Z" fill="#7D2103"/>
<path d="M104.286 61.0916C104.286 61.0916 103.001 58.2706 103.993 56.9516C104.985 55.634 105.214 55.706 105.214 55.706C105.214 55.706 105.477 53.9477 106.773 53.5805C108.07 53.2133 109.303 53.6669 109.303 53.6669C109.303 53.6669 110.398 52.5553 111.847 52.921C113.296 53.2882 113.677 54.3121 113.677 54.3121C113.677 54.3121 114.898 54.4589 115.355 55.4108C115.811 56.3626 115.508 57.4628 115.508 57.4628C115.508 57.4628 116.436 58.442 115.901 59.6141C115.368 60.7863 114.788 61.0613 114.788 61.0613L104.287 61.0887L104.286 61.0916Z" fill="#136F65"/>
<path d="M84.6986 60.9157C84.6986 60.9157 86.225 58.3036 85.3625 56.5813C84.6194 55.0981 84.0722 54.9671 84.0722 54.9671C84.0722 54.9671 83.646 53.5372 82.3327 53.1656C81.0194 52.7941 79.7249 53.2981 79.7249 53.2981C79.7249 53.2981 78.3785 52.45 76.9126 52.82C75.4452 53.1916 75.0593 54.2284 75.0593 54.2284C75.0593 54.2284 73.8223 54.3767 73.3601 55.34C72.8978 56.3034 72.9986 57.2956 72.9986 57.2956C72.9986 57.2956 72.0454 58.6578 72.5868 59.8444C73.1268 61.0309 74.0254 60.9532 74.0254 60.9532L84.7001 60.9143H84.6986V60.9157Z" fill="#136F65"/>
<path d="M64.3962 122.368H98.2678L97.149 151.518C93.4943 151.568 89.756 151.45 85.9659 151.196C79.149 150.74 72.1606 149.849 65.2011 148.702C63.5206 148.426 61.8747 148.113 60.2634 147.766C58.292 147.342 56.371 146.865 54.5005 146.334L64.3947 122.368H64.3962Z" fill="#D03C0B"/>
<path d="M99.2341 97.1636L98.4737 117.004H66.6123L74.803 97.1636H99.2341Z" fill="#D03C0B"/>
<path d="M99.8606 77.0366L99.299 91.6728H76.6968L82.739 77.0366H99.8621H99.8606Z" fill="#D03C0B"/>
<path d="M100.328 63.2671L99.9323 73.7921H84.2651L88.5419 63.2671H100.328Z" fill="#D03C0B"/>
<path d="M53.0632 145.914C52.5059 145.747 51.9515 145.573 51.4043 145.396C39.7029 141.594 30.1687 135.614 23.0594 127.569C23.045 127.552 23.0306 127.536 23.0162 127.52C21.052 125.292 19.2736 122.908 17.6882 120.367C17.5528 120.151 17.4203 119.935 17.2893 119.718C18.3621 117.057 19.2074 115.145 19.2074 115.145L42.2445 114.75L47.3954 114.662L47.2053 115.041C47.2053 115.041 50.1674 130.481 53.0632 145.913H53.0647L53.0632 145.914Z" fill="#3B0470"/>
<path d="M77.0307 76.8551L83.0067 56.77L57.2653 56.8204C57.2653 56.8204 52.3491 69.9806 50.9365 75.6758C49.5224 81.3724 48.1602 90.0686 48.1602 90.0686H71.7114L77.0307 76.858H77.0322L77.0307 76.8551Z" fill="white"/>
<path d="M76.2789 63.5321H74.7712L75.9708 60.2114H77.477L76.2789 63.5321Z" fill="#D03C0B"/>
<path d="M76.8564 64.615L74.6719 70.6644H56.9844L59.1804 64.579H66.9607L66.978 64.543L73.2981 60.583L76.8564 64.6164V64.615Z" fill="#FFA385"/>
<path d="M63.9901 70.6644H57.7578L59.241 66.5532H65.4748L63.9901 70.6644Z" fill="#7D2103"/>
<path d="M70.9553 69.9962H68.6614L69.9113 66.5359C70.1172 65.9657 70.7969 65.5049 71.4319 65.5049C72.067 65.5049 72.4111 65.9671 72.2067 66.5359L70.9567 69.9962H70.9553Z" fill="#0041D9"/>
<path d="M68.8228 67.9457H66.4453L67.4072 65.2788H69.7847L68.8228 67.9457Z" fill="white"/>
<path d="M74.5999 67.9716H72.2224L73.1843 65.3047H75.5618L74.5999 67.9716Z" fill="white"/>
<path d="M59.1616 64.6395L66.9376 64.6121L73.1282 60.7601L76.8563 64.615H77.4511L73.3543 60.1309L68.5331 63.0901L61.1776 63.1462L59.1616 64.6395Z" fill="#111116"/>
<path d="M71.8121 70.1575H67.6851L67.8535 69.6895H71.9806L71.8121 70.1575Z" fill="#7D2103"/>
<path d="M72.0712 70.6833H67.0442L67.2343 70.1577H72.2613L72.0712 70.6833Z" fill="#7D2103"/>
<path d="M72.5437 63.8792C72.9699 63.6172 73.1658 63.1621 72.9814 62.864C72.7971 62.566 72.3018 62.5372 71.877 62.7992C71.4507 63.0613 71.2549 63.5164 71.4392 63.8144C71.6235 64.1125 72.1189 64.1413 72.5437 63.8792Z" fill="white"/>
<path d="M71.9461 75.156H71.6307C71.2822 75.1589 70.9323 75.143 70.5824 75.1272C70.5046 75.1243 70.4269 75.1329 70.3506 75.1301L69.8869 75.1013C69.8595 75.0998 69.8293 75.0912 69.8034 75.1027C69.6723 75.1661 69.5398 75.143 69.4074 75.1416C69.2691 75.1401 69.1309 75.1603 68.9912 75.1675C68.8602 75.1747 68.7291 75.2165 68.5995 75.1387C68.5578 75.1142 68.5002 75.1301 68.4526 75.1488C68.3749 75.1805 68.2986 75.1733 68.2222 75.156C68.0451 75.1171 67.868 75.1646 67.6909 75.1502L67.5094 75.1329C67.4878 75.1315 67.4648 75.12 67.4432 75.1272C67.2992 75.179 67.1552 75.1272 67.0126 75.1416C66.7894 75.1646 66.5691 75.1142 66.3488 75.1027C66.0104 75.0854 65.672 75.0854 65.3322 75.0782L64.7821 75.0653L64.0347 75.0408C63.9512 75.0408 63.8691 75.0552 63.7856 75.0609C63.5638 75.0768 63.3435 75.0149 63.1232 75.035C62.9562 75.0509 62.7906 75.0379 62.6235 75.0249C62.5688 75.0206 62.5141 75.0091 62.4579 75.0077C62.2808 75.0019 62.1037 74.9961 61.9251 74.9947L61.3088 74.9976H60.6104C60.344 75.0033 60.0776 75.0033 59.8126 75.0206C59.3734 75.048 58.9342 75.0235 58.495 75.0206C58.351 75.0206 58.2099 75.0091 58.0674 74.9745C57.9147 74.9371 57.7592 74.9558 57.6051 74.9745C57.3733 75.0019 57.14 74.9947 56.9082 74.9702C56.744 74.9529 56.5784 74.9342 56.4142 74.9313C56.2818 74.9299 56.1493 74.9515 56.0168 74.9601C55.9678 74.963 55.9174 74.9558 55.867 74.9486C55.6683 74.9184 55.4725 74.8565 55.2723 74.8665C55.2507 74.8665 55.2291 74.8565 55.2061 74.8521C54.9858 74.8176 54.7654 74.7801 54.5437 74.7485C54.489 74.7413 54.4328 74.7542 54.3781 74.7528C54.3651 74.7528 54.3392 74.7269 54.3406 74.7211C54.345 74.6894 54.3522 74.6477 54.3666 74.6347C54.3882 74.6145 54.4184 74.6073 54.4458 74.6059H55.0117L55.4595 74.6088C55.7432 74.6088 56.0254 74.6131 56.3091 74.6059C56.7699 74.5944 57.2307 74.6117 57.693 74.6189C57.7866 74.6189 57.8816 74.603 57.9752 74.6059C58.8147 74.6246 59.6542 74.5944 60.4923 74.6059L61.3088 74.6318L62.4939 74.6405L63.6776 74.6693L64.8973 74.6995L66.0997 74.7197L67.8349 74.7701C68.0394 74.7744 68.2453 74.7585 68.4498 74.7585C68.6542 74.7585 68.8371 74.7686 69.0315 74.7744C69.0704 74.7744 69.1093 74.7801 69.1482 74.7787C69.4131 74.7758 69.6781 74.7701 69.943 74.7715C70.3707 74.7758 70.7984 74.7773 71.2275 74.8003C71.5717 74.819 71.9158 74.8161 72.26 74.8233C72.4371 74.8277 72.6157 74.8291 72.7928 74.8392C72.8418 74.8421 72.8907 74.8608 72.9368 74.8853C72.967 74.9011 72.9958 74.9371 72.9886 75.0019C72.9814 75.0609 72.9541 75.0897 72.9181 75.0955C72.7856 75.1171 72.6531 75.1502 72.5206 75.156C72.332 75.1646 72.1434 75.1531 71.9562 75.1488L71.9533 75.156H71.9461Z" fill="#111116"/>
<path d="M70.3217 78.7474L70.0193 78.7661C69.6852 78.7891 69.3497 78.7949 69.0142 78.7992C68.9393 78.7992 68.8659 78.8136 68.7924 78.8136L68.3475 78.8093C68.3216 78.8093 68.2913 78.8021 68.2683 78.8151C68.1459 78.8856 68.0177 78.8698 67.8896 78.8741C67.7571 78.8784 67.6246 78.9043 67.4921 78.9187C67.3668 78.9317 67.243 78.9792 67.1148 78.9072C67.0731 78.8842 67.0184 78.9029 66.9752 78.9231C66.9017 78.9576 66.8283 78.9533 66.7534 78.9389C66.582 78.9058 66.4136 78.9605 66.2436 78.9533L66.068 78.9432C66.0464 78.9432 66.0248 78.9317 66.0046 78.9403C65.8678 78.9965 65.7281 78.9519 65.5913 78.9706C65.3782 78.9994 65.1651 78.9562 64.952 78.9519C64.6265 78.9447 64.3011 78.9519 63.9771 78.9533H63.45L62.7329 78.9403C62.6537 78.9403 62.5731 78.9576 62.4939 78.9648C62.2808 78.985 62.0691 78.9216 61.8574 78.9461C61.6976 78.9634 61.5377 78.9519 61.3779 78.9403C61.3246 78.936 61.2728 78.9259 61.2195 78.9231C61.0496 78.9173 60.8796 78.9115 60.7083 78.9115L60.1179 78.9144L59.4468 78.9115C59.192 78.9144 58.9356 78.9115 58.6808 78.9245C58.2588 78.9461 57.8384 78.9159 57.4164 78.9043C57.2782 78.9 57.1428 78.8871 57.0075 78.8496C56.862 78.8093 56.7123 78.8237 56.564 78.8367C56.3408 78.8568 56.1176 78.8439 55.8958 78.8122C55.7388 78.7906 55.5804 78.7675 55.4235 78.7589C55.2968 78.7517 55.1686 78.7704 55.0419 78.7733C54.9944 78.7733 54.9468 78.7661 54.8993 78.756C54.7107 78.7186 54.5249 78.6495 54.332 78.6509C54.3104 78.6509 54.2902 78.6394 54.27 78.6336C54.0598 78.589 53.851 78.5429 53.6408 78.5026C53.5889 78.4925 53.5342 78.5026 53.4809 78.4997C53.468 78.4997 53.4449 78.4723 53.4464 78.4666C53.4521 78.4349 53.4608 78.3946 53.4752 78.3816C53.4968 78.3615 53.5256 78.3557 53.5515 78.3571L53.9345 78.3759L54.0929 78.3816L54.5206 78.4047C54.7913 78.4162 55.062 78.4291 55.3328 78.432C55.7734 78.4392 56.214 78.4651 56.6561 78.4867C56.7468 78.4911 56.8376 78.4767 56.9268 78.481C57.7289 78.5184 58.5339 78.5026 59.3374 78.5213L60.1193 78.5515L61.254 78.5602L62.3873 78.5803L63.5552 78.5904L64.7057 78.5832C65.2587 78.5803 65.8145 78.5861 66.3675 78.5775C66.5633 78.5746 66.7592 78.5515 66.955 78.5429C67.1408 78.5343 67.3265 78.5357 67.5123 78.5328C67.5497 78.5328 67.5872 78.5343 67.6246 78.5328L68.3849 78.4882C68.7939 78.4709 69.2028 78.4507 69.6147 78.4479C69.9444 78.4479 70.2728 78.4234 70.604 78.4075C70.7739 78.4003 70.9438 78.3903 71.1152 78.3874C71.1612 78.3874 71.2102 78.4032 71.2563 78.4234C71.2865 78.4378 71.3168 78.4723 71.3139 78.5357C71.311 78.5947 71.2865 78.625 71.252 78.6336C71.1267 78.6639 71.0014 78.7056 70.8747 78.72C70.6947 78.7402 70.5132 78.7416 70.3332 78.7503V78.7474H70.3217Z" fill="#111116"/>
<path d="M69.066 83.1423L68.778 83.1467C68.4598 83.1539 68.143 83.1438 67.8247 83.1323C67.7542 83.1294 67.6836 83.1395 67.613 83.1366L67.1911 83.1121C67.1666 83.1107 67.1393 83.102 67.1162 83.115C66.9967 83.1798 66.8758 83.1582 66.7548 83.1567C66.6295 83.1567 66.5028 83.1755 66.3761 83.1841C66.2566 83.1927 66.137 83.2331 66.019 83.1567C65.9801 83.1323 65.9282 83.1481 65.885 83.1668C65.8145 83.1985 65.7454 83.1913 65.6748 83.174C65.515 83.1337 65.3522 83.1812 65.191 83.1668L65.0254 83.1481C65.0052 83.1452 64.9836 83.1351 64.9649 83.1423C64.8338 83.1927 64.7028 83.1423 64.5718 83.1553C64.3687 83.1769 64.1686 83.1251 63.967 83.1121C63.6588 83.0919 63.3506 83.0891 63.041 83.079L62.5414 83.0603L61.8617 83.0257C61.7868 83.0228 61.7105 83.0372 61.6342 83.043C61.4326 83.0559 61.2324 82.9897 61.0322 83.007C60.8796 83.0199 60.7298 83.0041 60.5786 82.9897C60.5282 82.9854 60.4793 82.9724 60.4289 82.9695C60.2676 82.9609 60.1063 82.9523 59.945 82.9479L59.3849 82.9393L58.7498 82.9278C58.5079 82.9278 58.266 82.922 58.0241 82.9335C57.6238 82.9537 57.2263 82.9191 56.826 82.9091C56.695 82.9062 56.5668 82.8918 56.4386 82.8543C56.3004 82.814 56.1593 82.8299 56.0182 82.8443C55.8065 82.8673 55.5948 82.8558 55.3846 82.827C55.2348 82.8054 55.085 82.7852 54.9353 82.7795C54.8143 82.7751 54.6934 82.7953 54.5738 82.8011C54.5292 82.8025 54.4831 82.7953 54.4385 82.7867C54.2585 82.7521 54.0814 82.6873 53.8985 82.6945C53.8783 82.6945 53.8582 82.683 53.838 82.6801C53.6378 82.6412 53.4377 82.6009 53.2375 82.5663C53.1871 82.5577 53.1367 82.5707 53.0863 82.5678C53.0748 82.5678 53.0518 82.5419 53.0518 82.5347C53.0561 82.503 53.0633 82.4627 53.0762 82.4483C53.0964 82.4281 53.1238 82.4209 53.1482 82.4209L53.5126 82.4295H53.6638L54.0713 82.4411C54.329 82.4454 54.5868 82.4555 54.8431 82.4526C55.2622 82.4483 55.6812 82.4756 56.1017 82.49C56.1866 82.4929 56.273 82.4771 56.3594 82.4814C57.1212 82.5159 57.8873 82.5015 58.649 82.5303L59.3906 82.5707L60.4678 82.5995L61.5434 82.647L62.6494 82.6931L63.7423 82.7262L65.3191 82.7852C65.5049 82.791 65.6921 82.7751 65.8778 82.7751C66.0535 82.7751 66.2306 82.7838 66.4063 82.7895C66.4423 82.7895 66.4769 82.7939 66.5129 82.7939C66.7534 82.791 66.9938 82.7823 67.2358 82.7838C67.6246 82.7838 68.0134 82.7838 68.4036 82.7996C68.7161 82.814 69.0286 82.8068 69.3425 82.8068C69.5038 82.8068 69.665 82.8068 69.8278 82.8111C69.8724 82.8126 69.917 82.8313 69.9602 82.8543C69.989 82.8702 70.015 82.9062 70.0092 82.9695C70.0034 83.0286 69.9804 83.0574 69.9473 83.0646C69.8278 83.0891 69.7068 83.1251 69.5858 83.1337C69.4145 83.1452 69.2431 83.138 69.0718 83.138L69.0746 83.1423H69.066Z" fill="#111116"/>
<path d="M38.188 40.0542C38.188 40.0542 40.4632 41.3646 40.9514 42.4576C41.4395 43.5491 41.3301 45.2425 41.7635 46.4449C42.197 47.6459 44.7443 48.903 44.799 49.5568C44.8538 50.212 43.4008 50.9492 43.4008 50.9492C43.4008 50.9492 43.6254 52.1056 44.0762 52.8284C44.3598 53.2835 44.0402 53.871 44.0402 53.871C44.0402 53.871 44.6795 54.3376 44.4736 54.8531C44.465 54.8747 44.4534 54.8992 44.439 54.9236C44.3483 55.0892 44.321 55.2836 44.3685 55.4665C44.5427 56.1376 44.871 57.7561 44.2806 58.7324C43.5232 59.9881 41.8182 59.3315 40.1925 60.6419C38.5667 61.9523 38.188 62.8811 38.188 65.5019C38.188 68.1227 38.08 68.5043 38.08 68.5043L27.568 65.3924C27.568 65.3924 24.1538 59.7678 23.3949 59.1126C22.6374 58.4574 29.031 47.2081 29.031 47.2081L38.1894 40.0542H38.188Z" fill="#904322"/>
<path d="M24.4116 37.7099C25.9207 37.0489 28.0188 34.4065 30.7721 34.539C33.5254 34.6715 37.4594 36.3232 38.0513 38.702C38.6417 41.0809 38.6417 42.3366 37.6582 43.9883C36.6732 45.6399 35.8222 46.6969 34.7076 47.2916L33.5916 47.8863C33.5916 47.8863 34.2468 49.8692 33.6578 50.7937C33.0689 51.7182 31.9529 52.2467 31.9529 52.2467C31.9529 52.2467 29.9196 51.4532 29.5927 53.4361C29.2644 55.419 31.7426 56.6934 32.333 57.7503C32.9234 58.8073 34.2742 58.4631 34.2742 58.4631C34.2742 58.4631 35.7559 61.4972 35.033 63.2151L34.3116 64.9331C34.3116 64.9331 37.7878 65.0655 39.0319 66.7835C40.2775 68.5014 40.999 70.1531 40.2127 72.0035C39.4265 73.8539 38.1794 75.3068 38.1794 75.3068L20.214 76.1651C20.214 76.1651 16.542 77.883 12.8038 74.7783C9.06553 71.6737 10.0505 66.8497 10.0505 66.8497C10.0505 66.8497 7.62409 65.198 8.01721 62.3569C8.41033 59.5158 10.1815 57.9966 10.1815 57.9966C10.1815 57.9966 9.13177 54.9582 11.4934 52.4454C13.8535 49.934 16.9366 48.4148 16.9366 48.4148C16.9366 48.4148 15.5585 42.9961 17.9201 39.9577C20.0858 37.1699 24.4116 37.7113 24.4116 37.7113V37.7099Z" fill="#111116"/>
<path d="M38.332 48.3041C38.332 48.3041 38.8922 47.2068 39.2896 46.9779C39.6871 46.7489 40.3754 46.3472 40.3754 46.3472C40.3754 46.3472 40.6101 46.6813 40.446 46.9361L40.2832 47.191C40.2832 47.191 40.6101 48.2163 40.0284 48.2883C39.4466 48.3603 39.196 47.5467 39.196 47.5467C39.196 47.5467 38.9066 47.7195 38.7799 47.9441C38.6532 48.1688 38.3349 48.3041 38.3349 48.3041H38.332Z" fill="#111116"/>
<path d="M36.345 47.341C36.345 47.341 37.3573 45.8794 38.4359 45.6072C39.5159 45.335 40.2229 45.4718 40.4936 45.1651C40.7629 44.8584 40.629 44.1125 39.9882 44.1456C39.3474 44.1787 37.9981 44.6222 37.4595 45.2328C36.921 45.8448 36.3464 47.341 36.3464 47.341H36.345Z" fill="#111116"/>
<path d="M41.1704 53.504C41.1704 53.504 42.0747 53.4565 42.7731 53.2822C43.4715 53.108 43.6918 52.3088 44.2765 52.7811C44.6466 53.0806 44.131 53.9446 44.131 53.9446C44.131 53.9446 44.7013 54.3737 44.5328 54.8648C44.3643 55.3573 44.3211 55.2593 43.9568 55.3717C43.4946 55.5142 42.2331 54.8331 41.8846 54.3982C41.5362 53.9619 41.1718 53.5054 41.1718 53.5054L41.1704 53.504Z" fill="#401307"/>
<path d="M33.2487 56.2326C33.23 56.2297 33.2142 56.2211 33.1955 56.2168C33.135 56.2009 33.086 56.1635 33.0414 56.1232C33.0313 56.1145 33.0169 56.1131 33.0068 56.103C32.9867 56.0857 32.9737 56.0612 32.9579 56.0411C32.955 56.0368 32.9564 56.0296 32.9463 56.0339C32.8945 56.054 32.8902 56.0267 32.8743 56.0094C32.8585 55.9921 32.8283 55.9864 32.8081 55.972C32.7894 55.959 32.7491 55.959 32.7807 55.9086C32.7908 55.8928 32.775 55.8928 32.7591 55.8942C32.7318 55.8971 32.7289 55.8827 32.7318 55.8654C32.739 55.8265 32.6915 55.8193 32.6843 55.7891C32.6814 55.779 32.6814 55.7675 32.6799 55.7574C32.6799 55.7531 32.6843 55.7459 32.6771 55.7459C32.6295 55.743 32.6526 55.7041 32.6324 55.6883C32.5993 55.6624 32.618 55.6134 32.6123 55.5774C32.6007 55.5227 32.5835 55.4708 32.5705 55.4176C32.5647 55.3888 32.5575 55.36 32.5547 55.3297C32.5518 55.2894 32.5503 55.2491 32.5475 55.2088C32.5475 55.1958 32.5316 55.1828 32.5259 55.1699C32.5086 55.1353 32.5518 55.0979 32.5316 55.0648C32.5172 55.0388 32.5259 55.0129 32.5316 54.987C32.5345 54.9784 32.5417 54.9697 32.5431 54.9611C32.546 54.9337 32.5489 54.9064 32.5489 54.879C32.5489 54.8473 32.546 54.8171 32.5446 54.7854C32.5446 54.7508 32.5446 54.7148 32.5446 54.6803C32.5417 54.64 32.5417 54.5996 32.5287 54.5608C32.5086 54.4945 32.5287 54.4312 32.5287 54.3678C32.5287 54.3462 32.5374 54.326 32.5633 54.3059C32.5907 54.2843 32.5777 54.2612 32.5633 54.2382C32.5417 54.2051 32.546 54.172 32.5633 54.1374C32.5763 54.1129 32.5878 54.0884 32.5878 54.0654C32.5878 54.0467 32.5691 54.028 32.5619 54.0107C32.559 54.0035 32.5619 53.9963 32.5676 53.9891C32.5878 53.9588 32.6295 53.9243 32.6166 53.8955C32.6166 53.8926 32.6238 53.8883 32.6252 53.884C32.6468 53.848 32.667 53.8105 32.6828 53.7716C32.6871 53.7616 32.6756 53.7558 32.6742 53.7472C32.6742 53.7472 32.6915 53.7371 32.6958 53.7356C32.7188 53.7313 32.7491 53.7241 32.7591 53.7241C32.775 53.7241 32.7807 53.727 32.7822 53.7313C32.7879 53.7529 32.7908 53.7745 32.7937 53.7961C32.7937 53.8048 32.7995 53.8134 32.7995 53.822L32.8081 53.894C32.8139 53.9387 32.8167 53.9848 32.8254 54.0294C32.8398 54.1028 32.8297 54.1748 32.8254 54.2468C32.8254 54.2612 32.8383 54.2756 32.8355 54.29C32.8225 54.4196 32.8427 54.5464 32.8355 54.6702C32.8326 54.7105 32.8196 54.7494 32.8167 54.7897C32.8139 54.8473 32.8167 54.9035 32.8167 54.9596L32.8124 55.1252C32.8124 55.18 32.8167 55.2347 32.8239 55.2894C32.8326 55.3427 32.8499 55.3945 32.8628 55.4464C32.8844 55.5212 32.9046 55.5976 32.9406 55.6667C32.9535 55.6912 32.9809 55.7056 32.9967 55.7286C33.0126 55.7488 33.0255 55.7704 33.0385 55.792C33.0414 55.7963 33.0428 55.802 33.0471 55.8049C33.0745 55.8265 33.1019 55.8467 33.1278 55.8668C33.1681 55.9014 33.2113 55.9259 33.2502 55.9604C33.2819 55.9864 33.3222 55.9964 33.3611 56.0051C33.3798 56.0123 33.4014 56.0123 33.4215 56.0195C33.4273 56.0209 33.4316 56.0353 33.4345 56.054C33.4374 56.0656 33.4388 56.0929 33.4345 56.1404C33.4302 56.1836 33.423 56.2052 33.4172 56.2096C33.3942 56.2254 33.3683 56.2484 33.3438 56.2513C33.3092 56.2556 33.2804 56.2384 33.2487 56.2297L33.2516 56.2326H33.2487Z" fill="#401307"/>
<path d="M30.183 53.3703C30.1902 53.3545 30.2003 53.3372 30.2147 53.3199C30.2219 53.3127 30.2291 53.3055 30.2378 53.2983C30.245 53.2926 30.2637 53.2839 30.2637 53.2839C30.2709 53.281 30.2781 53.2782 30.2853 53.2753C30.2997 53.271 30.3155 53.2681 30.3314 53.2652C30.3386 53.2652 30.3414 53.2537 30.3486 53.2522C30.363 53.2522 30.3774 53.2522 30.3918 53.2522C30.3947 53.2522 30.399 53.258 30.3976 53.2479C30.3933 53.1975 30.4091 53.2076 30.4206 53.2033C30.4322 53.199 30.4394 53.1802 30.4494 53.1687C30.4595 53.1586 30.4638 53.1241 30.4883 53.1759C30.4955 53.1932 30.4984 53.1788 30.4998 53.1644C30.4998 53.1385 30.5099 53.1414 30.5186 53.1514C30.5402 53.1759 30.5488 53.1356 30.5661 53.1414C30.5718 53.1414 30.5776 53.1471 30.5848 53.15C30.5877 53.15 30.5906 53.1586 30.5906 53.1529C30.5978 53.1111 30.615 53.1442 30.6266 53.1313C30.6438 53.1097 30.6683 53.1428 30.6885 53.1471C30.7187 53.1529 30.749 53.15 30.7792 53.15C30.795 53.15 30.8123 53.15 30.8282 53.1543C30.8498 53.1586 30.8714 53.1658 30.893 53.1673C30.9002 53.1673 30.9088 53.1558 30.916 53.1514C30.9376 53.1399 30.952 53.186 30.9736 53.1716C30.9894 53.1601 31.0038 53.1716 31.0168 53.1802C31.0211 53.1831 31.024 53.1932 31.0298 53.1946C31.0442 53.2004 31.0586 53.2062 31.0744 53.2076L31.1277 53.2134C31.1478 53.2162 31.168 53.2191 31.1882 53.2234C31.2112 53.2263 31.2342 53.2321 31.2616 53.2234C31.3062 53.2148 31.3379 53.245 31.3725 53.2594C31.384 53.2652 31.3926 53.2767 31.3926 53.3055C31.3926 53.3358 31.4114 53.3286 31.4286 53.3228C31.456 53.3127 31.4718 53.3271 31.4819 53.353C31.4877 53.3718 31.4934 53.389 31.505 53.3977C31.5136 53.4049 31.5323 53.3977 31.5453 53.3977C31.5496 53.3977 31.551 53.4049 31.551 53.4121C31.551 53.4409 31.541 53.487 31.5582 53.4913C31.5582 53.4913 31.5568 53.4999 31.5568 53.5028C31.5568 53.5345 31.5539 53.5676 31.5525 53.5964C31.5525 53.6036 31.5626 53.5978 31.564 53.6022C31.564 53.6022 31.5539 53.6194 31.551 53.6223C31.5352 53.6396 31.515 53.6641 31.5093 53.6713C31.4978 53.6828 31.4934 53.6857 31.492 53.6842C31.4834 53.6799 31.4776 53.6727 31.4704 53.667C31.4675 53.6641 31.4632 53.6641 31.4603 53.6612C31.4531 53.654 31.4459 53.6468 31.4373 53.641C31.4214 53.631 31.4056 53.618 31.3869 53.6108C31.3552 53.6022 31.3336 53.5762 31.3062 53.5575C31.3005 53.5546 31.289 53.5633 31.2832 53.559C31.2357 53.5215 31.1709 53.5273 31.1162 53.5057C31.0989 53.4985 31.083 53.4826 31.0643 53.4769C31.0384 53.4682 31.0096 53.4682 30.9822 53.4625C30.9549 53.4553 30.9275 53.4466 30.9002 53.4394C30.8714 53.4322 30.8426 53.4279 30.8138 53.4236C30.785 53.4207 30.7562 53.425 30.7274 53.4236C30.6856 53.4236 30.6424 53.4164 30.6006 53.4236C30.5862 53.4236 30.5733 53.4423 30.5603 53.4481C30.5474 53.4538 30.533 53.4524 30.5186 53.4538H30.5099C30.4926 53.4639 30.4782 53.4783 30.461 53.4855C30.4322 53.497 30.4077 53.5143 30.376 53.5143H30.363L30.3242 53.4294L30.327 53.4337C30.327 53.4337 30.3371 53.4466 30.3443 53.4524C30.3587 53.4654 30.376 53.4697 30.3573 53.4639C30.3472 53.461 30.3299 53.4582 30.3098 53.4582C30.2896 53.4582 30.2752 53.4697 30.2781 53.4668C30.2781 53.4639 30.2781 53.4567 30.2738 53.4452C30.2738 53.4423 30.2709 53.438 30.2694 53.4366V53.4337C30.2694 53.4337 30.2752 53.4481 30.2795 53.4567C30.3011 53.4956 30.3069 53.5172 30.3011 53.5244C30.2982 53.5316 30.2853 53.5388 30.2723 53.5431C30.2565 53.5474 30.232 53.5431 30.2147 53.533C30.1946 53.5201 30.1859 53.5114 30.1773 53.4956C30.1715 53.487 30.1658 53.474 30.1643 53.4668C30.1542 53.4193 30.1701 53.3948 30.1845 53.366V53.3703H30.183Z" fill="#401307"/>
<path d="M42.4359 59.5722L42.338 59.5938C42.2314 59.6212 42.1205 59.6327 42.0111 59.6471C41.9866 59.65 41.9636 59.6615 41.9405 59.6644C41.8916 59.6701 41.8426 59.6716 41.7937 59.6759C41.785 59.6759 41.7749 59.6716 41.7677 59.6831C41.7361 59.7393 41.6914 59.7321 41.6511 59.7393C41.6079 59.7479 41.5676 59.7724 41.5273 59.7868C41.4884 59.8012 41.4524 59.8401 41.402 59.7925C41.3861 59.7767 41.3703 59.7925 41.3588 59.8098C41.3386 59.8386 41.3141 59.8386 41.2882 59.83C41.2277 59.8127 41.1802 59.8602 41.1241 59.8617H41.065C41.065 59.8617 41.0492 59.8545 41.0434 59.8617C41.006 59.9092 40.9541 59.8804 40.9109 59.9005C40.8447 59.9322 40.7698 59.9077 40.6993 59.9135C40.5913 59.9221 40.4861 59.9423 40.3781 59.9553C40.3205 59.9625 40.2615 59.9697 40.2039 59.974L39.9649 59.9898C39.9389 59.9913 39.913 60.0071 39.8871 60.0143C39.8165 60.0345 39.7431 59.9941 39.674 60.0143C39.6207 60.0301 39.5674 60.0244 39.5127 60.0186C39.4954 60.0186 39.4767 60.0085 39.4594 60.0085C39.4018 60.0057 39.3457 60.0042 39.2881 60.0028H39.0893C39.0145 60.0013 38.9381 59.9956 38.8633 59.9913C38.7769 59.9869 38.6905 59.9769 38.6026 59.9769C38.4572 59.9769 38.3189 59.9279 38.1807 59.889C38.1361 59.8746 38.0929 59.8559 38.0569 59.8156C38.018 59.7724 37.9661 59.7724 37.9143 59.7652C37.8351 59.758 37.766 59.7234 37.7055 59.6759C37.6623 59.6399 37.6205 59.6053 37.5745 59.578C37.5385 59.5549 37.4909 59.5506 37.4506 59.5333C37.4362 59.5261 37.4247 59.5132 37.4132 59.5002C37.37 59.4469 37.3441 59.3735 37.2879 59.3418C37.2821 59.3389 37.2807 59.3274 37.2764 59.3217C37.2375 59.2569 37.2001 59.1935 37.1655 59.1301C37.1569 59.1143 37.1367 59.11 37.1252 59.0985C37.1223 59.0956 37.1295 59.0769 37.1324 59.074C37.1497 59.0581 37.1727 59.0365 37.1828 59.0322C37.1986 59.025 37.2087 59.0265 37.2145 59.0322C37.2447 59.0567 37.2706 59.0855 37.3023 59.11L37.3412 59.1388C37.3743 59.1676 37.4089 59.1935 37.4449 59.2194C37.5125 59.2669 37.5831 59.3145 37.6594 59.349C37.7833 59.4066 37.9013 59.4757 38.0309 59.5276C38.0569 59.5391 38.0885 59.5348 38.1145 59.5449C38.3492 59.6385 38.6041 59.6644 38.8532 59.6961C38.9353 59.7076 39.0159 59.7249 39.098 59.7306C39.2175 59.7393 39.3385 59.7335 39.4594 59.7335C39.5804 59.7335 39.7013 59.7335 39.8237 59.7263C39.949 59.7191 40.0743 59.7119 40.201 59.6975C40.3249 59.6845 40.4487 59.6644 40.5725 59.6471C40.7525 59.6241 40.9325 59.6025 41.1125 59.5737C41.1759 59.5636 41.2378 59.5377 41.3012 59.5247C41.3617 59.5117 41.4221 59.506 41.4826 59.4959C41.4941 59.4945 41.5071 59.4945 41.5186 59.4916C41.6007 59.4714 41.6813 59.4484 41.7634 59.4325C41.8959 59.4066 42.0284 59.3778 42.1623 59.3649C42.2703 59.3548 42.3769 59.3274 42.4834 59.3087C42.5381 59.2986 42.5943 59.2871 42.649 59.2813C42.6649 59.2799 42.6821 59.29 42.6994 59.3044C42.7109 59.3145 42.7253 59.3389 42.7311 59.3865C42.7369 59.4297 42.7311 59.4527 42.7225 59.4599C42.685 59.4858 42.649 59.5189 42.6087 59.5333C42.5525 59.5535 42.4921 59.5578 42.4345 59.5693V59.5722H42.4359Z" fill="#401307"/>
<path d="M36.6242 116.083C36.6242 116.083 43.5463 129.041 50.9148 128.652C58.4244 128.253 62.429 119.8 64.8036 113.581C67.0572 107.674 71.2058 92.9859 72.9842 89.8006C74.7626 86.6153 78.7154 79.2469 78.9127 77.2553C79.11 75.2638 78.7154 74.4675 78.9127 73.2723C79.11 72.0771 78.7154 71.4795 79.11 70.4845C79.5046 69.4894 79.8329 68.7809 79.8329 68.7809C79.8329 68.7809 78.5268 67.3885 76.1465 71.7977C74.8793 74.1449 72.6905 78.5773 71.995 77.6528C70.6169 75.8211 72.7121 74.1536 73.3054 72.9598C73.7028 72.1577 73.5113 70.9597 73.3414 70.2584C73.2794 70.0006 72.9612 69.9128 72.7798 70.1057C71.7862 71.1584 69.2273 73.9923 68.4382 76.0616C67.4489 78.6507 67.4489 86.2165 65.6719 89.4032C63.8935 92.5885 52.457 109.514 52.457 109.514L36.6228 116.085H36.6242V116.083Z" fill="#904322"/>
<path d="M75.9118 76.9359L75.9708 76.8265C76.0328 76.7041 76.1076 76.5874 76.1811 76.4722C76.1969 76.4463 76.2056 76.4161 76.2214 76.3902C76.2545 76.3383 76.2905 76.2894 76.3236 76.239C76.3294 76.2303 76.3409 76.2231 76.338 76.2087C76.3193 76.1396 76.3596 76.1022 76.3841 76.0561C76.41 76.0086 76.4216 75.9524 76.4417 75.9006C76.4604 75.8516 76.4576 75.7911 76.531 75.7738C76.5555 75.7681 76.5555 75.7422 76.5512 75.7191C76.544 75.6802 76.5627 75.6572 76.5872 75.6356C76.6448 75.5881 76.6448 75.5089 76.6851 75.4513L76.7283 75.3937C76.7283 75.3937 76.7441 75.3822 76.7441 75.3721C76.7355 75.303 76.7945 75.2713 76.8104 75.2151C76.8348 75.1287 76.9054 75.0682 76.9515 74.9948C77.022 74.881 77.0796 74.7615 77.1416 74.6434L77.2438 74.4534C77.2899 74.367 77.3403 74.282 77.3849 74.1956C77.3993 74.1668 77.4022 74.1322 77.4123 74.1006C77.4382 74.0156 77.516 73.958 77.5376 73.8716C77.5534 73.8068 77.5894 73.7521 77.6254 73.6959C77.6369 73.6772 77.6542 73.6614 77.6643 73.6426C77.696 73.5807 77.7276 73.5188 77.7564 73.4554C77.7896 73.382 77.8212 73.3071 77.8515 73.2322L77.9566 72.9788C77.9955 72.8823 78.0344 72.7844 78.0617 72.6822C78.1078 72.5151 78.1899 72.3625 78.2518 72.2026C78.272 72.1508 78.3008 72.1018 78.3454 72.0586C78.3944 72.0126 78.4016 71.9506 78.4102 71.8887C78.4232 71.7966 78.4592 71.7116 78.5081 71.6324C78.5441 71.5762 78.5758 71.5186 78.6003 71.4582C78.619 71.4092 78.6204 71.3545 78.632 71.3041C78.6363 71.2854 78.6478 71.2681 78.6593 71.2508C78.7068 71.1846 78.7745 71.1255 78.7918 71.0478C78.7932 71.0391 78.8048 71.0334 78.8091 71.0262C78.8609 70.9513 78.9142 70.8778 78.9632 70.8015C78.9761 70.7828 78.9732 70.7583 78.9804 70.7396C78.9804 70.7353 79.0035 70.731 79.0078 70.7338C79.0294 70.7425 79.0582 70.7554 79.0668 70.7641C79.0784 70.777 79.0812 70.7886 79.0784 70.7986C79.064 70.8476 79.0452 70.8994 79.028 70.9484L79.0092 71.0118L78.9516 71.1802C78.9171 71.2868 78.8753 71.3919 78.8436 71.4999C78.7932 71.677 78.7155 71.8441 78.6478 72.014C78.6334 72.0486 78.6334 72.0889 78.619 72.1234C78.4865 72.4287 78.3857 72.7484 78.2475 73.0508C78.2028 73.1487 78.1481 73.2438 78.1035 73.3417L77.9091 73.7694C77.8414 73.9105 77.7665 74.0473 77.696 74.187L77.4713 74.6146L77.251 75.0366L76.9126 75.6342C76.8723 75.7047 76.8478 75.7839 76.8104 75.8559C76.7744 75.9236 76.734 75.9898 76.6952 76.0561C76.688 76.069 76.6779 76.082 76.6707 76.095C76.6246 76.19 76.5814 76.285 76.531 76.3772C76.4504 76.5255 76.3712 76.6753 76.2761 76.8164C76.2012 76.9302 76.1393 77.0511 76.0702 77.1692C76.0342 77.2297 75.9996 77.2916 75.9608 77.3492C75.9507 77.365 75.9276 77.3751 75.9046 77.3823C75.8888 77.3866 75.86 77.3823 75.8196 77.3564C75.7822 77.3319 75.7692 77.3118 75.7721 77.2974C75.7822 77.2426 75.7851 77.185 75.8067 77.1361C75.8355 77.067 75.8787 77.0065 75.9161 76.9417L75.9118 76.9345V76.9359Z" fill="#401307"/>
<path d="M76.3509 79.106C76.3681 79.0772 76.3854 79.0484 76.4013 79.0181C76.4531 78.9202 76.5193 78.8295 76.5827 78.7373C76.5971 78.7172 76.6029 78.6913 76.6158 78.6711C76.6432 78.6308 76.6749 78.5919 76.7037 78.5516C76.7094 78.5444 76.7195 78.5401 76.7152 78.5271C76.6936 78.4666 76.7296 78.4378 76.7497 78.4004C76.7713 78.3615 76.7785 78.3154 76.7929 78.2737C76.8073 78.2333 76.7987 78.1815 76.8678 78.1729C76.8909 78.17 76.888 78.1484 76.8822 78.1282C76.8736 78.0951 76.8894 78.0764 76.911 78.0605C76.9614 78.0245 76.9557 77.9569 76.9888 77.9108L77.0262 77.8647C77.0262 77.8647 77.0406 77.8561 77.0392 77.8474C77.0248 77.7884 77.0795 77.7653 77.0896 77.7193C77.104 77.6473 77.1673 77.6012 77.2048 77.5407C77.2624 77.45 77.3056 77.3506 77.3545 77.2541L77.4337 77.0986C77.4697 77.0281 77.5086 76.9589 77.5432 76.8869C77.5547 76.8625 77.5533 76.8337 77.5605 76.8077C77.5763 76.7386 77.6454 76.6911 77.6569 76.6191C77.6656 76.5644 77.6944 76.5197 77.7232 76.4737C77.7318 76.4578 77.7477 76.4463 77.7549 76.4305C77.7793 76.3786 77.8024 76.3282 77.824 76.2749C77.8485 76.2145 77.8686 76.1525 77.8917 76.0906C77.9161 76.0201 77.9435 75.9509 77.9651 75.8804C77.991 75.7997 78.0198 75.7191 78.0342 75.6356C78.0587 75.4959 78.1221 75.3706 78.1653 75.2381C78.1797 75.1949 78.2013 75.1546 78.2401 75.1186C78.2819 75.0812 78.2833 75.0293 78.2848 74.9775C78.2848 74.9012 78.3121 74.8306 78.351 74.7658C78.3784 74.7197 78.4057 74.6722 78.4216 74.6218C78.4345 74.5815 78.4288 74.5354 78.4345 74.4937C78.4374 74.4778 78.4461 74.4634 78.4561 74.4505C78.495 74.3957 78.5569 74.3468 78.5641 74.282C78.5641 74.2748 78.5757 74.2705 78.58 74.2647C78.6232 74.2028 78.6678 74.1409 78.7081 74.0775C78.7182 74.0617 78.7125 74.0415 78.7182 74.0257C78.7182 74.0213 78.7398 74.0185 78.7441 74.0199C78.7672 74.0271 78.796 74.0357 78.8046 74.0429C78.8176 74.053 78.8205 74.0645 78.819 74.0732C78.8089 74.1149 78.796 74.1567 78.7859 74.1985L78.7744 74.2503L78.7355 74.39C78.711 74.4778 78.6837 74.5657 78.6649 74.6549C78.6347 74.8018 78.5771 74.9401 78.531 75.0812C78.5209 75.11 78.5253 75.1431 78.5137 75.1719C78.4187 75.4268 78.3568 75.6917 78.256 75.9437C78.2229 76.0258 78.1811 76.1036 78.148 76.1857L78.0054 76.5413C77.9536 76.658 77.8974 76.7732 77.8427 76.8884L77.6685 77.2412C77.6094 77.3564 77.5561 77.4745 77.4957 77.5897C77.4064 77.7538 77.3142 77.9165 77.2206 78.0778C77.1875 78.1354 77.1702 78.2017 77.14 78.2607C77.1112 78.3169 77.0766 78.3687 77.0435 78.422C77.0363 78.4321 77.0291 78.4421 77.0233 78.4537C76.9859 78.5314 76.9499 78.6092 76.9081 78.6841C76.8405 78.805 76.7728 78.926 76.6893 79.0369C76.623 79.1261 76.5697 79.2255 76.5078 79.3177C76.4761 79.3652 76.4459 79.4141 76.4099 79.4602C76.3998 79.4732 76.3797 79.4789 76.3581 79.4818C76.3437 79.4833 76.3149 79.4761 76.2774 79.4487C76.2414 79.4228 76.2285 79.4026 76.2313 79.3911C76.24 79.345 76.24 79.2946 76.2573 79.2557C76.2817 79.201 76.3206 79.1535 76.3523 79.1031H76.3509V79.106Z" fill="#401307"/>
<path d="M76.7714 81.4762C76.7858 81.4489 76.8002 81.4215 76.8132 81.3941C76.8564 81.302 76.9125 81.217 76.9672 81.1306C76.9788 81.1119 76.9831 81.0874 76.9946 81.0687C77.0191 81.0298 77.0464 80.9938 77.0709 80.9564C77.0752 80.9492 77.0853 80.9449 77.0796 80.9333C77.0536 80.8772 77.0853 80.8498 77.1026 80.8153C77.1199 80.7793 77.1242 80.7361 77.1343 80.6957C77.1444 80.6583 77.1343 80.6108 77.2005 80.6021C77.2221 80.5993 77.2192 80.5791 77.212 80.5604C77.2005 80.5287 77.2149 80.5114 77.2351 80.497C77.2826 80.4625 77.2711 80.4005 77.3013 80.3573L77.3344 80.3141C77.3344 80.3141 77.3488 80.3069 77.346 80.2983C77.3272 80.2436 77.3791 80.222 77.3848 80.1788C77.3949 80.1125 77.454 80.0693 77.4856 80.0132C77.536 79.9282 77.572 79.8361 77.6138 79.7468L77.6815 79.6013C77.7117 79.5351 77.7463 79.4717 77.7751 79.4055C77.7852 79.3839 77.7823 79.3565 77.7866 79.3321C77.7981 79.2673 77.8629 79.2241 77.8701 79.1578C77.8759 79.1074 77.9018 79.0657 77.9263 79.0239C77.9349 79.0095 77.9493 78.998 77.9551 78.9836C77.9767 78.9361 77.9968 78.8885 78.0141 78.8396C78.0343 78.7834 78.0516 78.7258 78.0703 78.6697C78.0904 78.6049 78.1135 78.5415 78.1322 78.4753C78.1538 78.4004 78.1783 78.3269 78.1884 78.2492C78.2056 78.121 78.2632 78.0058 78.2992 77.8834C78.3122 77.8431 78.3309 77.8071 78.3669 77.774C78.4072 77.7394 78.4058 77.6919 78.4044 77.6444C78.4029 77.5738 78.426 77.5105 78.462 77.45C78.4879 77.4068 78.5138 77.365 78.5268 77.3175C78.5383 77.2801 78.5311 77.2383 78.5354 77.1994C78.5368 77.185 78.5455 77.1721 78.5541 77.1591C78.5916 77.1087 78.6506 77.0641 78.6564 77.005C78.6564 76.9993 78.6664 76.9949 78.6708 76.9892C78.7111 76.933 78.7543 76.8769 78.7917 76.8178C78.8018 76.8034 78.7946 76.7847 78.8004 76.7703C78.8004 76.766 78.822 76.7631 78.8263 76.7645C78.8493 76.7717 78.8781 76.7804 78.8882 76.7861C78.9012 76.7962 78.9055 76.8063 78.904 76.8135C78.8954 76.8524 78.8839 76.8898 78.8752 76.9287L78.8652 76.9762L78.832 77.1044C78.8119 77.185 78.7874 77.2657 78.7716 77.3477C78.7471 77.4817 78.6952 77.6098 78.6549 77.7394C78.6463 77.7653 78.6506 77.797 78.642 77.8229C78.5584 78.0577 78.5095 78.301 78.4231 78.5343C78.3943 78.6106 78.3568 78.6826 78.3295 78.7575L78.2085 79.0858C78.1639 79.1938 78.1149 79.3004 78.0688 79.4069L77.9191 79.7353C77.8687 79.8418 77.824 79.9527 77.7722 80.0578C77.6959 80.2105 77.6167 80.3617 77.5375 80.5129C77.5101 80.5661 77.4972 80.6281 77.4712 80.6828C77.4468 80.7346 77.4165 80.7836 77.3892 80.834C77.3834 80.8441 77.3762 80.8527 77.3719 80.8642C77.3416 80.9362 77.3128 81.0097 77.2768 81.0788C77.2207 81.1911 77.1645 81.3049 77.0925 81.41C77.0349 81.4949 76.9917 81.5871 76.9399 81.6735C76.9125 81.7181 76.888 81.7642 76.8578 81.8074C76.8492 81.8189 76.8304 81.8247 76.8088 81.8276C76.7944 81.829 76.7671 81.8233 76.7268 81.7973C76.6893 81.7729 76.6749 81.7556 76.6764 81.7426C76.6807 81.6994 76.6764 81.6533 76.6908 81.6159C76.7109 81.5641 76.7426 81.5194 76.77 81.4719V81.4762H76.7714Z" fill="#401307"/>
<path d="M52.6515 109.399L42.619 114.56L42.2446 114.753L26.2217 122.994L24.3742 116.477L18.8302 116.85L18.0252 119.615C18.0252 119.615 17.8927 119.901 17.6883 120.369C17.5529 120.153 17.4204 119.937 17.2894 119.72C16.8271 118.958 16.3822 118.183 15.9545 117.394C15.8551 117.214 15.7587 117.031 15.6622 116.847C15.1539 115.884 14.67 114.902 14.2107 113.899C12.1759 109.445 10.6395 104.598 9.62427 99.374C11.2817 94.3686 13.1479 88.7756 14.2078 85.7458C16.4268 79.4142 20.862 69.1714 27.8849 68.6113C34.7033 68.0698 39.1615 72.3366 41.1919 78.111C41.2855 78.3745 41.3935 78.6798 41.5131 79.0182C44.1468 82.5289 48.7678 88.8044 49.7441 90.9126C50.5448 92.6449 49.7556 96.4537 48.9464 99.3466C51.007 104.948 52.6515 109.398 52.6515 109.398H52.6529L52.6515 109.399Z" fill="#E6A8FF"/>
<path d="M25.7407 121.494C25.6557 121.24 25.6255 120.972 25.5347 120.717C25.4167 120.388 25.3331 120.042 25.2338 119.705C25.2266 119.682 25.2093 119.656 25.2122 119.639C25.2453 119.446 25.1373 119.299 25.0768 119.128C24.9674 118.82 24.7931 118.549 24.7096 118.225C24.6275 117.907 24.521 117.596 24.4216 117.284C24.3655 117.106 24.3122 116.924 24.2373 116.756C24.0559 116.35 23.9234 115.929 23.8067 115.497C23.6555 114.943 23.4957 114.393 23.3143 113.847C23.1141 113.247 22.9312 112.642 22.7426 112.037C22.7224 111.971 22.7138 111.899 22.7008 111.83C22.6922 111.784 22.6936 111.729 22.6735 111.693C22.5021 111.388 22.5467 111.031 22.4171 110.718C22.4387 110.56 22.3682 110.437 22.2947 110.3C22.2371 110.194 22.2141 110.057 22.1795 109.933C22.1608 109.867 22.1565 109.789 22.1277 109.732C22.0024 109.493 21.9808 109.219 21.8771 108.973C21.8915 108.826 21.8239 108.695 21.785 108.558C21.7432 108.413 21.7015 108.264 21.6712 108.116C21.6223 107.877 21.5834 107.635 21.5402 107.395C21.5243 107.304 21.5171 107.209 21.4869 107.122C21.2925 106.556 21.1442 105.98 20.9944 105.402C20.9599 105.266 20.9152 105.132 20.8807 104.996C20.8216 104.768 20.7669 104.54 20.7079 104.314C20.6575 104.121 20.6157 103.924 20.548 103.737C20.3853 103.283 20.2557 102.823 20.1247 102.359C20.0253 102.008 19.9303 101.659 19.8597 101.303C19.8266 101.133 19.769 100.965 19.7085 100.802C19.6595 100.668 19.6221 100.539 19.6207 100.396C19.6207 100.271 19.5847 100.159 19.5069 100.043C19.4435 99.9497 19.4219 99.8043 19.396 99.6805C19.3255 99.3493 19.2635 99.0181 19.1973 98.6869C19.1901 98.6523 19.1829 98.6163 19.1685 98.5861C18.9381 98.0605 18.8085 97.5017 18.6487 96.9517C18.5594 96.6478 18.4643 96.344 18.3578 96.0473C18.2843 95.8443 18.2469 95.6398 18.2167 95.431C18.2008 95.3173 18.2383 95.264 18.329 95.2683C18.3909 95.2712 18.4528 95.2856 18.5147 95.3043C18.5378 95.3115 18.5723 95.3403 18.581 95.3662C18.6328 95.5174 18.7322 95.6485 18.7221 95.827C18.7106 96.0473 18.7739 96.2576 18.869 96.4678C18.9453 96.6349 19 96.8163 19.0965 96.9747C19.1296 97.0294 19.1512 97.1057 19.1555 97.1705C19.1843 97.5493 19.2952 97.9035 19.4551 98.2433C19.4939 98.3283 19.5199 98.4118 19.5314 98.5097C19.553 98.6825 19.5933 98.8553 19.6293 99.0267C19.6365 99.0598 19.6509 99.0973 19.6696 99.1232C19.7618 99.247 19.8151 99.3824 19.8064 99.5422C19.8064 99.5624 19.8122 99.5912 19.8223 99.6099C19.9447 99.8302 19.9547 100.079 20.0181 100.314C20.0915 100.585 20.1938 100.847 20.2787 101.113C20.3104 101.213 20.3263 101.316 20.3493 101.419C20.3939 101.613 20.4386 101.807 20.4861 102.002C20.5221 102.15 20.5711 102.297 20.5941 102.447C20.6099 102.545 20.5653 102.651 20.5898 102.742C20.6143 102.834 20.6935 102.91 20.7424 102.998C20.764 103.036 20.7727 103.088 20.7784 103.132C20.8101 103.39 20.8893 103.636 20.9613 103.884C20.9973 104.008 21.0247 104.134 21.0549 104.261C21.1269 104.556 21.2147 104.852 21.268 105.147C21.3184 105.428 21.4466 105.674 21.5128 105.944C21.5762 106.207 21.6655 106.463 21.7403 106.722C21.7792 106.857 21.8123 106.994 21.8469 107.13C21.952 107.539 22.0226 107.955 22.1738 108.352C22.1983 108.417 22.217 108.488 22.2271 108.557C22.2429 108.666 22.2371 108.78 22.2659 108.886C22.2919 108.984 22.3711 109.071 22.3912 109.167C22.4776 109.572 22.6346 109.952 22.7426 110.348C22.8347 110.685 22.9744 111.006 23.0306 111.353C23.0479 111.464 23.1069 111.572 23.1458 111.681C23.1731 111.759 23.212 111.837 23.2207 111.915C23.248 112.151 23.3258 112.371 23.3963 112.594C23.4309 112.705 23.4698 112.825 23.4755 112.936C23.4899 113.204 23.6008 113.43 23.7045 113.663C23.7376 113.736 23.7866 113.81 23.7981 113.886C23.8543 114.248 24.0227 114.574 24.1063 114.921C24.1682 115.179 24.2618 115.434 24.2719 115.702C24.2747 115.79 24.3179 115.883 24.3381 115.974C24.364 116.098 24.4317 116.217 24.4087 116.348C24.4043 116.377 24.4115 116.419 24.4259 116.448C24.6175 116.841 24.7442 117.269 24.953 117.655C25.1359 117.994 25.2539 118.38 25.3749 118.756C25.4123 118.874 25.4858 118.976 25.48 119.113C25.4786 119.158 25.5261 119.213 25.5477 119.264C25.601 119.393 25.6845 119.522 25.6989 119.65C25.7248 119.866 25.8069 120.056 25.8703 120.257C25.9307 120.447 25.9898 120.634 26.0287 120.833C26.0762 121.072 26.1626 121.306 26.2317 121.544C26.2475 121.6 26.2677 121.658 26.2735 121.714C26.2864 121.836 26.2317 121.933 26.141 121.953C26.0992 121.962 26.0546 121.962 26.0099 121.96C25.8962 121.96 25.8631 121.931 25.8227 121.796C25.7925 121.695 25.7651 121.593 25.7363 121.491L25.7407 121.495V121.494Z" fill="#001962"/>
<path d="M49.7512 102.291C49.7124 102.179 49.6735 102.065 49.6332 101.953C49.4992 101.58 49.384 101.203 49.2688 100.825C49.2429 100.742 49.2055 100.661 49.1796 100.578C49.1292 100.411 49.0816 100.241 49.0341 100.072C49.0255 100.042 49.0226 100.007 49.001 99.9844C48.8916 99.8648 48.8642 99.7165 48.8167 99.5725C48.7663 99.4242 48.6972 99.2816 48.6381 99.1362C48.582 98.998 48.4956 98.8712 48.5201 98.7071C48.5273 98.6538 48.4913 98.5976 48.4567 98.553C48.3977 98.4796 48.3775 98.396 48.3645 98.3082C48.3372 98.1066 48.2263 97.9309 48.1744 97.738C48.1572 97.6717 48.1399 97.604 48.1241 97.5378C48.1183 97.5133 48.1197 97.4845 48.1053 97.4658C48.0031 97.329 47.9988 97.1576 47.9325 97.0093C47.8288 96.7775 47.7957 96.5255 47.7252 96.2836C47.6172 95.9149 47.4919 95.552 47.3752 95.1877C47.3119 94.9904 47.2485 94.7932 47.1866 94.5944C47.1031 94.3252 47.0225 94.0544 46.9361 93.7866C46.9073 93.6973 46.8612 93.6124 46.8252 93.526C46.7287 93.2941 46.7085 93.0364 46.6077 92.806C46.5314 92.6317 46.4839 92.4488 46.4349 92.2674C46.4191 92.2069 46.4104 92.1436 46.3917 92.0845C46.3327 91.8916 46.2736 91.7 46.2117 91.5085C46.1383 91.2882 46.062 91.0679 45.9871 90.8476C45.9021 90.597 45.8201 90.3464 45.7337 90.0973C45.6343 89.8122 45.5378 89.5271 45.4269 89.2463C45.2426 88.784 45.1087 88.306 44.9546 87.8336C44.9042 87.6781 44.8639 87.524 44.8466 87.3599C44.8279 87.1842 44.7544 87.0229 44.6824 86.8631C44.5744 86.6212 44.4967 86.3692 44.4376 86.1128C44.3959 85.93 44.3541 85.7471 44.298 85.5685C44.2533 85.426 44.1842 85.2906 44.1309 85.1495C44.1108 85.0976 44.0992 85.0415 44.0892 84.9853C44.0488 84.7621 44.0373 84.5317 43.9567 84.3186C43.948 84.2956 43.9509 84.2682 43.9466 84.2437C43.902 83.996 43.8588 83.7469 43.8112 83.4992C43.7997 83.4373 43.7666 83.3812 43.7493 83.3221C43.745 83.3077 43.7594 83.2717 43.7666 83.2717C43.7983 83.2674 43.84 83.2616 43.8588 83.2717C43.8861 83.289 43.9034 83.3192 43.9135 83.348C43.9624 83.4906 44.0071 83.636 44.0532 83.78C44.0719 83.8391 44.0949 83.8981 44.1136 83.9586C44.1655 84.1199 44.2159 84.2812 44.2677 84.441C44.3671 84.7463 44.4636 85.0516 44.5716 85.354C44.7458 85.8464 44.8927 86.3447 45.0511 86.8429C45.0828 86.9452 45.1332 87.0402 45.1648 87.1424C45.4456 88.0482 45.7754 88.9396 46.0663 89.8424C46.1599 90.1362 46.242 90.4343 46.337 90.728C46.4738 91.1528 46.6193 91.5762 46.7561 91.9996C46.8929 92.4244 47.0239 92.8492 47.1578 93.2754C47.296 93.7146 47.4329 94.1509 47.574 94.5887C47.7122 95.0207 47.8576 95.4498 47.9944 95.8804C48.1932 96.5039 48.3847 97.1288 48.5848 97.7524C48.6554 97.9727 48.7476 98.1872 48.8224 98.4076C48.8944 98.6149 48.9578 98.8266 49.0241 99.0354C49.037 99.0772 49.0485 99.1204 49.0629 99.1621C49.1637 99.4444 49.2688 99.7266 49.3639 100.01C49.5194 100.47 49.6764 100.926 49.8146 101.391C49.9255 101.764 50.0565 102.131 50.1789 102.5C50.2423 102.692 50.3071 102.882 50.3647 103.075C50.3805 103.128 50.3805 103.187 50.3762 103.245C50.3733 103.282 50.3488 103.325 50.2869 103.338C50.2293 103.35 50.1919 103.331 50.1732 103.293C50.1026 103.16 50.022 103.029 49.9658 102.889C49.8866 102.69 49.8276 102.484 49.7599 102.283H49.7512V102.291Z" fill="#001962"/>
<path d="M22.1248 116.661L21.7821 116.68C21.4033 116.704 21.0232 116.71 20.643 116.716C20.5595 116.716 20.4745 116.73 20.391 116.732H19.8856C19.8553 116.732 19.8222 116.724 19.7963 116.737C19.6581 116.809 19.5126 116.794 19.3672 116.801C19.2174 116.808 19.0677 116.835 18.9179 116.851C18.7753 116.867 18.6357 116.915 18.4902 116.845C18.4427 116.822 18.3822 116.843 18.3318 116.864C18.2483 116.9 18.1662 116.897 18.0813 116.884C17.8869 116.855 17.6968 116.913 17.5038 116.909L17.4045 116.906C17.367 116.906 17.3526 116.903 17.2777 116.903C17.2331 116.903 17.1899 116.894 17.1453 116.903C17.0545 116.922 16.9581 116.933 16.8659 116.939C16.8601 116.834 16.8616 116.722 16.863 116.614V116.459C16.863 116.432 16.8601 116.405 16.8573 116.377C16.8256 116.135 16.8688 115.895 16.8688 115.655C16.8688 115.286 16.8558 114.919 16.8457 114.553L16.8313 113.955C16.8256 113.685 16.8241 113.414 16.8141 113.145C16.8112 113.054 16.7896 112.965 16.7781 112.875C16.7478 112.636 16.7997 112.393 16.7637 112.155C16.7363 111.975 16.7392 111.794 16.7406 111.614C16.7406 111.553 16.7493 111.493 16.7478 111.434C16.7421 111.241 16.7349 111.048 16.7233 110.856C16.7104 110.633 16.6931 110.411 16.6758 110.188C16.6571 109.936 16.6441 109.683 16.6211 109.431C16.5952 109.143 16.5765 108.853 16.5361 108.568C16.4713 108.095 16.4584 107.619 16.4209 107.146C16.4094 106.99 16.4065 106.836 16.4267 106.679C16.4497 106.511 16.4166 106.343 16.3849 106.179C16.3345 105.93 16.3187 105.678 16.3201 105.426C16.3216 105.246 16.3201 105.066 16.3072 104.888C16.2957 104.744 16.2597 104.603 16.2381 104.46C16.2309 104.407 16.2309 104.352 16.2337 104.297C16.2424 104.08 16.2827 103.861 16.2496 103.645C16.2467 103.622 16.2553 103.596 16.2568 103.571C16.2669 103.33 16.2784 103.088 16.2841 102.844C16.2841 102.784 16.2654 102.725 16.2611 102.664C16.2611 102.65 16.2813 102.62 16.2885 102.62C16.3201 102.621 16.3619 102.624 16.3777 102.638C16.4008 102.66 16.4109 102.692 16.4152 102.72L16.4598 103.154L16.4814 103.334L16.5275 103.819C16.5592 104.126 16.5865 104.433 16.6211 104.738C16.6816 105.236 16.7104 105.736 16.7478 106.235C16.755 106.338 16.7809 106.439 16.7881 106.541C16.8486 107.452 16.9537 108.358 17.007 109.268C17.0257 109.565 17.0286 109.861 17.0445 110.155L17.1193 111.44C17.1381 111.869 17.1525 112.298 17.1654 112.724L17.2043 114.047C17.2158 114.482 17.2345 114.917 17.2417 115.352L17.2504 116.022L17.2533 116.356V116.524H17.3613L17.6349 116.516C17.8581 116.508 18.0798 116.481 18.3016 116.47C18.5118 116.458 18.7235 116.457 18.9337 116.451C18.9755 116.451 19.0187 116.451 19.0605 116.449C19.3485 116.432 19.635 116.409 19.923 116.396C20.3881 116.375 20.8518 116.351 21.3184 116.347C21.6928 116.344 22.0657 116.321 22.4416 116.307C22.6345 116.3 22.8275 116.291 23.0219 116.288C23.0752 116.288 23.1299 116.304 23.1817 116.326C23.2163 116.34 23.2494 116.375 23.2451 116.438C23.2408 116.497 23.2134 116.527 23.1745 116.536C23.032 116.566 22.8894 116.608 22.7469 116.622C22.5424 116.642 22.3379 116.642 22.1334 116.651L22.1262 116.655L22.1248 116.661Z" fill="#001962"/>
<path d="M140.709 135.194C140.537 135.397 140.365 135.6 140.189 135.799C139.72 136.333 139.239 136.85 138.746 137.351C137.99 138.12 137.207 138.851 136.397 139.55C136.222 139.703 136.045 139.852 135.866 140.002C135.737 140.11 135.605 140.217 135.473 140.323C135.245 140.507 135.018 140.689 134.788 140.865C131.716 143.239 128.312 145.153 124.631 146.665C121.632 147.898 118.454 148.867 115.127 149.6C113.902 149.875 112.655 150.114 111.392 150.325C110.021 150.553 108.63 150.746 107.22 150.906L109.501 137.219L109.927 134.67L110.034 134.026L119.984 133.544C119.984 133.544 129.977 132.526 138.928 133.607C139.707 133.127 140.27 133.814 140.71 135.197L140.709 135.194Z" fill="#001962"/>
<path d="M98.8928 98.1341C98.8928 98.1341 95.8875 94.7746 93.0276 93.0596C90.4371 91.5058 83.9844 89.3084 82.795 88.9095C82.6668 88.8663 82.5214 88.9124 82.4494 89.029C82.3097 89.2537 82.1974 89.6698 82.723 90.2055C83.5265 91.0249 85.796 91.8385 86.6269 92.7284C87.1611 93.3001 87.4995 93.7134 87.6737 93.9366C87.74 94.0215 87.691 94.1468 87.583 94.1641C86.971 94.2663 85.2646 94.5414 83.8793 94.6926C82.1585 94.8798 77.1387 92.9329 75.5662 92.6881C74.4761 92.5181 73.7547 92.7673 73.4422 93.1633C73.386 93.2338 73.3371 93.3087 73.2968 93.3793C73.1744 93.5924 73.2737 93.8617 73.5027 93.9438C74.6129 94.3383 77.7334 95.4471 78.5715 95.7164C79.5939 96.0461 81.5523 96.7431 81.5523 96.7431C81.4702 96.8468 81.3377 96.8972 81.2081 96.8727C80.3513 96.7114 77.1085 96.0965 76.0774 95.7999L74.8851 95.4558C74.8851 95.4558 73.4552 95.0511 72.7481 95.3276C72.4544 95.4428 72.3406 95.5335 72.0929 95.7121C71.7776 95.9396 71.8064 96.2477 72.1621 96.3989C73.2406 96.8583 75.2062 97.5265 76.5627 98.0089C77.9422 98.4985 79.8675 98.8081 80.4435 98.893C80.5342 98.906 80.5918 98.9967 80.5673 99.0846C80.5486 99.1537 80.4852 99.2012 80.4132 99.1983C79.938 99.1796 78.1697 99.0932 77.0854 98.821C75.8225 98.5042 73.8497 97.9844 73.0851 98.1846C72.7813 98.2638 72.5235 98.5719 72.3118 98.7692C72.1448 98.9233 72.1966 99.1969 72.4054 99.2789C73.1859 99.5857 75.1918 100.159 76.2372 100.352L79.9467 101.158C80.0374 101.175 80.0993 101.258 80.0907 101.35C80.0806 101.448 79.9956 101.52 79.8992 101.512C79.3779 101.472 77.827 101.347 77.107 101.227C76.2373 101.082 75.0665 101.216 74.8376 101.468C74.7512 101.563 74.6648 101.694 74.5928 101.818C74.4862 102.002 74.6 102.234 74.8102 102.258C75.9017 102.385 78.7774 103.068 79.8301 103.242C81.1361 103.461 84.7116 103.842 86.4972 104.035C88.2828 104.228 91.075 103.865 92.7324 104.997C94.3913 106.129 95.2107 106.781 95.2107 106.781L98.8884 98.1385L98.8913 98.1356L98.8928 98.1341Z" fill="#E59B78"/>
<path d="M138.759 62.9737C138.735 63.1767 120.869 68.3794 120.869 68.3794C120.869 68.3794 122.575 61.4285 122.896 59.2858C123.219 57.1445 122.815 56.305 119.534 55.8082C116.665 55.3733 117.934 52.1276 118.081 51.4637C118.226 50.7985 118.009 51.4724 118.056 51.0692C118.104 50.666 118.418 50.2959 118.418 50.2959C118.418 50.2959 118.14 49.8855 118.387 49.406C118.662 48.8717 118.91 47.2892 118.91 47.2892C118.91 47.2892 117.616 46.7924 117.606 46.3143C117.594 45.8348 118.969 44.2997 120.186 42.8093C121.295 41.4514 120.277 40.1324 121.522 37.5505C122.804 34.8965 123.963 33.9217 124.686 33.5127C125.006 34.0829 125.49 34.6762 126.195 34.9469C127.747 35.5445 131.938 35.5719 133.391 36.4287C134.844 37.2869 134.822 39.1906 134.822 39.1906C134.822 39.1906 130.429 38.593 129.534 39.8473C128.643 41.1029 128.303 43.381 128.303 43.381L130.753 43.813C130.753 43.813 131.762 42.1628 133.186 42.6754C134.615 43.1895 134.763 44.7749 133.44 46.7967C132.116 48.8185 131.287 52.3983 134.89 53.3775C136.88 53.9204 138.565 54.2573 139.672 54.4517C139.591 54.5756 139.518 54.6965 139.452 54.8146C137.992 57.4311 139.053 60.2521 139.053 60.2521C139.053 60.2521 138.778 62.7735 138.753 62.9751L138.758 62.9722L138.759 62.9737Z" fill="#E59B78"/>
<path d="M147.156 43.5436C146.312 47.9327 141.394 51.8293 139.679 54.4501C138.571 54.2557 136.887 53.9173 134.897 53.3759C131.293 52.3967 132.125 48.8168 133.447 46.7951C134.77 44.7748 134.621 43.1879 133.194 42.6738C131.767 42.1597 130.76 43.8114 130.76 43.8114L128.311 43.3794C128.311 43.3794 128.649 41.1013 129.542 39.8456C130.436 38.5928 134.829 39.189 134.829 39.189C134.829 39.189 134.853 37.2839 133.398 36.4271C131.945 35.5688 127.755 35.5415 126.202 34.9453C125.5 34.6746 125.013 34.0799 124.693 33.5111C124.865 33.4117 124.69 33.4679 124.69 33.4679C124.69 33.4679 126.103 31.7989 128.188 30.7564C130.273 29.7138 137.24 30.2826 141.222 32.0581C145.205 33.8336 148.046 38.9471 147.16 43.5436H147.157H147.156Z" fill="#632A1B"/>
<path d="M122.369 39.1009C121.95 39.1139 121.319 40.2615 122.134 40.3883C122.948 40.515 124.48 40.4099 125.282 40.8764C126.083 41.343 126.575 41.8455 126.575 41.8455C126.575 41.8455 126.421 40.3695 125.806 39.9318C125.191 39.494 123.056 39.0793 122.371 39.1009H122.369Z" fill="#632A1B"/>
<path d="M122.293 42.131C122.288 42.3369 122.015 43.4429 122.657 43.5192C123.245 43.5897 123.278 42.5573 123.278 42.5573C123.278 42.5573 123.697 42.6941 124.038 42.9907C124.567 43.4486 124.689 43.5393 124.689 43.5393C124.689 43.5393 124.286 42.455 123.678 42.2073C123.072 41.9597 122.31 41.7437 122.31 41.7437L122.288 42.131H122.29H122.293Z" fill="#111116"/>
<path d="M118.291 50.3172C118.291 50.3172 117.83 49.6793 118.236 49.2775C118.642 48.8743 119.295 49.505 119.9 49.5209C120.565 49.5381 121.448 49.3293 121.448 49.3293C121.448 49.3293 120.625 50.8082 119.973 51.1927C119.424 51.5167 118.061 51.8407 117.977 51.2892C117.894 50.7377 118.291 50.3201 118.291 50.3201V50.3172Z" fill="#904322"/>
<path d="M129.124 54.6822L129.009 54.7758C128.881 54.878 128.74 54.9644 128.597 55.045C128.565 55.0623 128.538 55.0882 128.506 55.1055C128.443 55.1415 128.375 55.1689 128.309 55.1991C128.298 55.2049 128.282 55.2063 128.276 55.2207C128.246 55.2942 128.182 55.3071 128.126 55.3374C128.069 55.3676 128.017 55.4094 127.961 55.4454C127.909 55.4785 127.864 55.5332 127.785 55.5058C127.759 55.4972 127.74 55.5188 127.726 55.5418C127.701 55.5793 127.667 55.5894 127.628 55.5908C127.54 55.5966 127.477 55.6628 127.396 55.683L127.311 55.7017C127.301 55.7046 127.288 55.7017 127.281 55.7089C127.231 55.7694 127.154 55.7564 127.095 55.7895C127.002 55.8399 126.892 55.8385 126.79 55.8601C126.634 55.8946 126.483 55.9393 126.328 55.9738C126.244 55.9926 126.161 56.0098 126.076 56.0257C125.962 56.0473 125.847 56.0617 125.732 56.0818C125.694 56.0876 125.658 56.1078 125.621 56.1193C125.521 56.151 125.412 56.1222 125.314 56.1553C125.239 56.1798 125.161 56.1826 125.084 56.1841C125.058 56.1841 125.032 56.1798 125.006 56.1841C124.924 56.1927 124.842 56.1985 124.76 56.2086L124.476 56.246L124.155 56.282C124.032 56.2978 123.91 56.3094 123.789 56.3338C123.589 56.3727 123.386 56.3713 123.183 56.3857C123.116 56.39 123.052 56.3871 122.984 56.367C122.912 56.3439 122.841 56.3641 122.771 56.3828C122.664 56.4102 122.556 56.413 122.447 56.3986C122.369 56.3886 122.293 56.3785 122.215 56.377C122.153 56.377 122.091 56.3929 122.029 56.3986C122.006 56.4001 121.982 56.3943 121.959 56.3886C121.867 56.3626 121.777 56.3122 121.685 56.3108C121.675 56.3108 121.665 56.3007 121.656 56.2978C121.557 56.2618 121.46 56.2201 121.367 56.1798C121.344 56.1697 121.316 56.174 121.292 56.1682C121.286 56.1682 121.279 56.1466 121.28 56.1409C121.288 56.1178 121.296 56.089 121.305 56.079C121.318 56.066 121.331 56.0631 121.342 56.0646L121.515 56.0962L121.587 56.1049C121.652 56.1135 121.718 56.1222 121.783 56.1265C121.908 56.1351 122.035 56.1409 122.162 56.1351C122.371 56.1279 122.579 56.1222 122.788 56.115C122.831 56.1135 122.873 56.0962 122.916 56.0948C123.302 56.079 123.685 56.0242 124.07 55.9954C124.194 55.9854 124.319 55.9854 124.444 55.9738C124.624 55.9566 124.803 55.9321 124.981 55.909C125.16 55.8874 125.338 55.8673 125.517 55.8428C125.7 55.8154 125.883 55.7866 126.064 55.7492C126.243 55.7132 126.418 55.6671 126.596 55.6225C126.85 55.5577 127.102 55.4871 127.35 55.3964C127.438 55.3633 127.519 55.3158 127.602 55.2783L127.844 55.1746C127.86 55.1674 127.877 55.1617 127.893 55.1545C127.998 55.0983 128.102 55.0364 128.205 54.9774C128.374 54.8838 128.535 54.7786 128.701 54.6793C128.833 54.5986 128.954 54.5022 129.074 54.4042L129.258 54.2516C129.275 54.2386 129.301 54.2329 129.329 54.2314C129.347 54.2314 129.375 54.2415 129.405 54.279C129.432 54.3135 129.438 54.338 129.429 54.3524C129.396 54.4071 129.367 54.4676 129.326 54.5151C129.262 54.577 129.192 54.6318 129.121 54.685H129.126L129.124 54.6822Z" fill="#904322"/>
<path d="M129.939 48.2378C129.948 48.2263 129.955 48.2134 129.961 48.199C129.982 48.1543 130.015 48.1183 130.047 48.0809C130.054 48.0722 130.053 48.0593 130.06 48.0506C130.073 48.0334 130.09 48.019 130.106 48.0031C130.109 48.0002 130.116 48.0002 130.11 47.9916C130.076 47.9513 130.1 47.9441 130.108 47.9268C130.116 47.9095 130.108 47.885 130.112 47.8634C130.113 47.8433 130.093 47.8145 130.151 47.8231C130.17 47.826 130.162 47.813 130.151 47.8015C130.134 47.7814 130.142 47.7742 130.157 47.7698C130.191 47.7598 130.167 47.7209 130.184 47.7022C130.19 47.6964 130.197 47.6892 130.204 47.6834C130.207 47.6806 130.216 47.6834 130.211 47.6762C130.182 47.6431 130.224 47.6388 130.218 47.6158C130.211 47.5798 130.254 47.5654 130.27 47.538C130.296 47.4977 130.305 47.4516 130.321 47.407L130.347 47.335C130.358 47.3018 130.373 47.2702 130.383 47.237C130.386 47.2255 130.375 47.2126 130.374 47.1996C130.367 47.1679 130.416 47.1463 130.404 47.1118C130.396 47.0873 130.409 47.0657 130.42 47.0441C130.424 47.0369 130.434 47.0311 130.436 47.0225C130.442 46.998 130.447 46.9735 130.45 46.949C130.453 46.9202 130.453 46.8914 130.455 46.8626C130.455 46.8295 130.458 46.7978 130.455 46.7647C130.453 46.7273 130.455 46.6898 130.439 46.6538C130.416 46.5934 130.434 46.5329 130.429 46.4724C130.429 46.4522 130.434 46.4321 130.459 46.4105C130.486 46.3874 130.469 46.3658 130.453 46.3457C130.429 46.3154 130.429 46.2838 130.443 46.2492C130.453 46.2247 130.463 46.1988 130.46 46.1758C130.459 46.157 130.437 46.1412 130.429 46.1254C130.426 46.1196 130.429 46.111 130.433 46.1038C130.45 46.0721 130.491 46.0346 130.475 46.0087C130.473 46.0058 130.481 46.0015 130.482 45.9972C130.499 45.9598 130.518 45.9223 130.532 45.8834C130.535 45.8734 130.524 45.869 130.524 45.8604C130.524 45.859 130.541 45.8489 130.545 45.8489C130.568 45.8431 130.599 45.8359 130.609 45.8345C130.625 45.8345 130.63 45.8345 130.632 45.8402C130.638 45.8604 130.64 45.8806 130.646 45.9007L130.653 45.9252L130.668 45.9929C130.676 46.0361 130.682 46.0793 130.695 46.121C130.718 46.1887 130.712 46.2622 130.717 46.3327C130.717 46.3471 130.733 46.3601 130.731 46.3745C130.728 46.5041 130.758 46.6322 130.747 46.7618C130.743 46.8036 130.728 46.8454 130.724 46.8857L130.704 47.0657C130.691 47.1247 130.674 47.1838 130.659 47.2414L130.604 47.4185C130.584 47.4761 130.57 47.5351 130.547 47.5927C130.512 47.6734 130.473 47.7526 130.433 47.8303C130.419 47.8577 130.422 47.8937 130.409 47.9225C130.397 47.9498 130.38 47.9743 130.365 48.0002C130.362 48.006 130.358 48.0089 130.355 48.0146C130.342 48.0535 130.329 48.0924 130.311 48.1284C130.28 48.186 130.25 48.245 130.203 48.2926C130.167 48.3314 130.142 48.379 130.109 48.4193C130.092 48.4409 130.076 48.4625 130.056 48.4812C130.05 48.487 130.036 48.4841 130.017 48.4783C130.005 48.474 129.982 48.461 129.946 48.4294C129.913 48.4006 129.899 48.3833 129.899 48.3761C129.896 48.3487 129.887 48.317 129.893 48.2983C129.902 48.2724 129.923 48.2551 129.938 48.2335V48.2378H129.939Z" fill="#904322"/>
<path d="M133.571 44.2304C133.559 44.2347 133.549 44.239 133.538 44.2448C133.502 44.2635 133.463 44.2693 133.423 44.2765C133.414 44.2765 133.408 44.288 133.4 44.2894C133.382 44.2923 133.364 44.2909 133.345 44.2923C133.342 44.2923 133.336 44.288 133.336 44.2981C133.339 44.3499 133.319 44.3398 133.306 44.3456C133.292 44.3514 133.283 44.3729 133.271 44.3859C133.26 44.3974 133.258 44.4334 133.224 44.3859C133.212 44.3701 133.211 44.3859 133.212 44.4003C133.212 44.4262 133.204 44.4248 133.191 44.4176C133.162 44.3989 133.158 44.4421 133.136 44.4421C133.129 44.4421 133.12 44.4406 133.113 44.4392C133.11 44.4392 133.104 44.432 133.104 44.4392C133.104 44.4824 133.076 44.455 133.065 44.4723C133.05 44.4997 133.014 44.4766 132.988 44.4824C132.949 44.4882 132.916 44.5083 132.88 44.5227L132.822 44.5443C132.795 44.5544 132.767 44.5602 132.741 44.5717C132.733 44.576 132.73 44.5904 132.724 44.6005C132.708 44.6235 132.665 44.5962 132.651 44.6221C132.641 44.6422 132.619 44.6437 132.599 44.6451C132.592 44.6451 132.583 44.6408 132.576 44.6451C132.557 44.6523 132.538 44.6595 132.52 44.6696C132.5 44.6811 132.481 44.6955 132.462 44.7085C132.441 44.7243 132.417 44.7373 132.396 44.7531C132.371 44.7718 132.347 44.7891 132.33 44.8165C132.299 44.8626 132.249 44.8741 132.207 44.9014C132.194 44.9101 132.176 44.913 132.148 44.9014C132.118 44.8885 132.111 44.9101 132.105 44.9317C132.095 44.9634 132.072 44.9749 132.039 44.9763C132.016 44.9763 131.993 44.9763 131.977 44.9864C131.964 44.9936 131.962 45.0166 131.954 45.031C131.951 45.0368 131.944 45.0353 131.935 45.0339C131.903 45.0296 131.857 45.0066 131.843 45.0267C131.841 45.0296 131.834 45.0238 131.83 45.0238C131.794 45.0195 131.757 45.0137 131.721 45.0109C131.712 45.0109 131.713 45.0224 131.708 45.0253C131.708 45.0253 131.692 45.0138 131.689 45.0094C131.674 44.9907 131.656 44.9662 131.65 44.9576C131.643 44.9446 131.641 44.9374 131.644 44.936C131.656 44.9245 131.67 44.9173 131.683 44.9072L131.697 44.8942L131.741 44.8626C131.768 44.8424 131.797 44.8237 131.82 44.7992C131.859 44.7589 131.912 44.7373 131.958 44.7085C131.968 44.7027 131.97 44.6854 131.98 44.6811C132.069 44.635 132.14 44.5573 132.229 44.5112C132.258 44.4954 132.292 44.4896 132.321 44.4738C132.363 44.4522 132.402 44.4248 132.443 44.4032C132.487 44.383 132.531 44.3672 132.574 44.3485L132.71 44.2952C132.754 44.2779 132.796 44.2549 132.841 44.239C132.906 44.2174 132.972 44.1973 133.038 44.1757C133.061 44.1685 133.078 44.144 133.1 44.1339C133.12 44.1238 133.145 44.1195 133.166 44.1138C133.171 44.1138 133.176 44.1138 133.181 44.1109C133.208 44.095 133.235 44.0763 133.264 44.0648C133.312 44.0446 133.358 44.0245 133.411 44.0202C133.453 44.0158 133.49 43.9971 133.529 43.9856C133.549 43.9798 133.569 43.9726 133.591 43.9712C133.597 43.9712 133.607 43.9827 133.616 43.9971C133.621 44.0072 133.633 44.0317 133.644 44.0792C133.654 44.1224 133.657 44.144 133.654 44.1498C133.644 44.1714 133.637 44.2016 133.624 44.2131C133.605 44.2275 133.584 44.229 133.564 44.2347L133.571 44.2318V44.2304Z" fill="#904322"/>
<path d="M132.325 49.1122L132.312 49.1684C132.301 49.2317 132.27 49.2879 132.239 49.3426C132.232 49.3541 132.233 49.3714 132.226 49.3829C132.211 49.4074 132.191 49.4276 132.174 49.4506C132.171 49.4549 132.162 49.4564 132.17 49.465C132.201 49.5097 132.175 49.5241 132.164 49.5442C132.152 49.5658 132.152 49.5975 132.144 49.622C132.137 49.6465 132.15 49.6853 132.089 49.6724C132.07 49.6681 132.073 49.6839 132.08 49.6997C132.092 49.7257 132.079 49.7343 132.06 49.7386C132.02 49.7473 132.026 49.7962 131.998 49.8164C131.988 49.8236 131.978 49.8293 131.968 49.8337C131.964 49.8351 131.955 49.8337 131.957 49.8409C131.968 49.8884 131.922 49.8826 131.912 49.91C131.895 49.9517 131.841 49.9561 131.805 49.9777C131.752 50.0108 131.705 50.0525 131.651 50.0857C131.622 50.1029 131.594 50.1216 131.563 50.136C131.522 50.1562 131.478 50.1735 131.437 50.1922C131.422 50.198 131.415 50.2167 131.404 50.2282C131.37 50.257 131.317 50.2325 131.286 50.2613C131.261 50.2844 131.229 50.2873 131.198 50.2873C131.188 50.2873 131.175 50.2829 131.165 50.2844L131.07 50.3031C131.034 50.3132 130.998 50.3233 130.962 50.3305C130.92 50.3405 130.878 50.3434 130.836 50.352C130.789 50.3592 130.74 50.365 130.692 50.378C130.612 50.4025 130.53 50.378 130.45 50.3693C130.424 50.3665 130.398 50.3535 130.378 50.3247C130.355 50.2945 130.326 50.3002 130.296 50.3089C130.25 50.3218 130.21 50.3031 130.174 50.2757C130.149 50.2541 130.126 50.2325 130.099 50.221C130.077 50.2124 130.05 50.2181 130.026 50.2153C130.017 50.2138 130.01 50.2052 130.004 50.1965C129.977 50.1605 129.966 50.1015 129.935 50.0857C129.93 50.0857 129.933 50.0741 129.932 50.0698C129.918 50.0223 129.923 49.9777 129.946 49.9474C129.952 49.9402 129.943 49.9359 129.946 49.9287C129.946 49.9273 129.965 49.9229 129.969 49.9229C129.991 49.9229 130.02 49.9215 130.028 49.9215H130.047V49.9258C130.047 49.9258 130.047 49.9229 130.047 49.9244C130.047 49.9273 130.056 49.9373 130.067 49.9431C130.083 49.9546 130.126 49.9733 130.168 49.9849C130.237 49.9993 130.299 50.0324 130.368 50.0511C130.383 50.0554 130.398 50.0453 130.413 50.0497C130.538 50.0842 130.668 50.0641 130.793 50.0597C130.835 50.0583 130.877 50.0655 130.918 50.0597C130.979 50.0511 131.036 50.0338 131.094 50.018C131.152 50.0036 131.211 49.9877 131.268 49.9676C131.327 49.9474 131.383 49.9215 131.44 49.8913C131.493 49.8596 131.543 49.8236 131.592 49.7861C131.666 49.7343 131.736 49.6767 131.798 49.6105C131.821 49.5874 131.83 49.5529 131.846 49.5255C131.863 49.501 131.883 49.478 131.902 49.4535C131.906 49.4492 131.91 49.4449 131.913 49.4391C131.929 49.4002 131.946 49.3628 131.962 49.3239C131.991 49.2649 132.014 49.2029 132.047 49.1439C132.075 49.0964 132.083 49.0431 132.096 48.9927C132.105 48.9668 132.108 48.9394 132.118 48.9135C132.121 48.9063 132.135 48.902 132.154 48.8977C132.165 48.8948 132.194 48.8948 132.24 48.9049C132.283 48.9135 132.304 48.9221 132.308 48.9293C132.321 48.9553 132.342 48.9841 132.345 49.0085C132.347 49.0445 132.331 49.0748 132.324 49.1079H132.325V49.1122Z" fill="#904322"/>
<path d="M150.111 115.412C148.675 121.684 146.445 126.96 143.554 131.372C143.471 131.5 143.386 131.628 143.301 131.753C143.256 131.751 143.213 131.748 143.169 131.743C142.958 132.052 142.788 132.377 142.643 132.707V132.71C142.535 132.858 142.427 133.008 142.318 133.156C141.641 134.076 140.931 134.957 140.192 135.797C139.723 136.331 139.242 136.848 138.749 137.349C133.305 136.863 124.441 136.016 124.441 136.016L110.352 134.442L110.923 134.343L110.004 134.294L110.434 130.09C110.449 130.09 111.526 130.156 112.33 130.208C103.034 129.039 96.3066 109.543 96.3066 109.543L93.8716 105.721L98.5098 98.1957L109.879 105.234C109.879 105.234 112.168 83.4371 116.137 75.8181C117.195 73.7862 119.413 70.624 120.627 68.7779C121.243 66.8051 121.629 64.9821 121.629 64.9821C121.629 64.9821 126.783 62.6809 130.142 61.66C133.505 60.6419 139.072 59.2725 139.072 59.2725L139.81 64.7891C139.81 64.7891 146.365 66.8872 148.425 73.1886C148.636 73.8381 149.525 75.5718 150.333 77.3675C150.901 81.5709 151.32 86.0032 151.568 90.676C151.633 91.8784 151.685 93.0995 151.726 94.3321C151.758 95.2624 151.778 96.1811 151.786 97.084C151.85 103.959 151.267 110.041 150.111 115.409V115.412Z" fill="#F08B00"/>
<path d="M101.606 100.113L102.103 100.42C102.109 100.438 102.117 100.456 102.126 100.474C102.214 100.635 102.24 100.806 102.255 100.98C102.26 101.205 102.282 101.428 102.308 101.653C102.339 101.868 102.342 102.084 102.345 102.301C102.346 102.334 102.346 102.367 102.347 102.4C102.347 102.42 102.339 102.439 102.332 102.459C102.329 102.467 102.326 102.475 102.324 102.482C102.322 102.488 102.319 102.494 102.316 102.5C102.31 102.513 102.303 102.525 102.309 102.536C102.35 102.616 102.32 102.688 102.289 102.76C102.266 102.815 102.243 102.869 102.252 102.927C102.184 102.974 102.207 103.029 102.231 103.09C102.232 103.092 102.233 103.095 102.234 103.097C102.25 103.137 102.241 103.177 102.232 103.217C102.23 103.227 102.228 103.238 102.226 103.248C102.224 103.259 102.22 103.269 102.216 103.279C102.209 103.295 102.202 103.312 102.207 103.329C102.227 103.392 102.215 103.449 102.202 103.506C102.192 103.552 102.182 103.597 102.188 103.646C102.142 103.678 102.138 103.721 102.135 103.764C102.134 103.777 102.133 103.791 102.131 103.804C102.119 103.863 102.105 103.922 102.082 103.977C102.046 104.063 101.998 104.146 101.951 104.228C101.949 104.231 101.947 104.234 101.945 104.238C101.939 104.249 101.932 104.259 101.925 104.27C101.911 104.291 101.898 104.312 101.895 104.336C101.882 104.452 101.853 104.566 101.815 104.677C101.778 104.788 101.739 104.897 101.692 105.005C101.681 105.03 101.672 105.056 101.663 105.082C101.654 105.108 101.645 105.134 101.634 105.159C101.597 105.243 101.559 105.326 101.517 105.408C101.509 105.425 101.501 105.442 101.492 105.459C101.465 105.512 101.437 105.565 101.421 105.623C101.375 105.809 101.29 105.98 101.199 106.147C101.13 106.274 101.057 106.398 100.954 106.503C100.907 106.553 100.878 106.618 100.849 106.683C100.826 106.736 100.797 106.781 100.734 106.804C100.678 106.823 100.653 106.861 100.656 106.931C100.659 106.98 100.621 107.012 100.585 107.043C100.58 107.047 100.575 107.051 100.57 107.056C100.479 107.139 100.378 107.213 100.279 107.286C100.268 107.294 100.258 107.302 100.247 107.309C100.236 107.318 100.224 107.327 100.218 107.34C100.131 107.533 99.97 107.661 99.8102 107.787C99.7878 107.805 99.7654 107.823 99.7433 107.841C99.641 107.92 99.5417 108.002 99.4409 108.087C99.3746 108.149 99.2868 108.17 99.2004 108.188C99.1529 108.196 99.1154 108.159 99.0866 108.075C99.0679 108.019 99.0521 107.963 99.0391 107.908C99.0333 107.888 99.0348 107.859 99.0434 107.852C99.0577 107.841 99.0694 107.826 99.0811 107.812C99.1086 107.777 99.1357 107.744 99.1932 107.756C99.2925 107.774 99.366 107.73 99.4135 107.651C99.4268 107.628 99.4424 107.608 99.4579 107.589C99.4864 107.553 99.5148 107.517 99.5287 107.465C99.5359 107.437 99.5575 107.42 99.5834 107.414C99.6597 107.401 99.7231 107.37 99.7721 107.321C99.8225 107.275 99.8613 107.216 99.8873 107.144C99.9002 107.109 99.9218 107.086 99.9578 107.07C100.004 107.051 100.042 107.021 100.081 106.991C100.094 106.98 100.108 106.97 100.122 106.959C100.132 106.952 100.139 106.938 100.138 106.923C100.131 106.847 100.151 106.797 100.227 106.787C100.237 106.787 100.244 106.778 100.246 106.769C100.254 106.698 100.3 106.658 100.347 106.618C100.369 106.599 100.392 106.579 100.41 106.556C100.454 106.494 100.486 106.425 100.518 106.356C100.53 106.33 100.542 106.305 100.554 106.28C100.566 106.256 100.585 106.236 100.604 106.216C100.612 106.208 100.62 106.199 100.627 106.19C100.674 106.133 100.718 106.072 100.761 106.013C100.774 105.996 100.784 105.978 100.794 105.96C100.812 105.929 100.829 105.897 100.856 105.872C100.869 105.86 100.892 105.855 100.915 105.849C100.943 105.842 100.971 105.835 100.98 105.817C100.991 105.797 100.981 105.767 100.972 105.737C100.966 105.719 100.96 105.701 100.959 105.685C100.957 105.666 100.97 105.652 100.983 105.639C101.054 105.575 101.088 105.491 101.121 105.407C101.123 105.401 101.126 105.395 101.129 105.388C101.141 105.357 101.157 105.328 101.174 105.298C101.182 105.285 101.189 105.272 101.196 105.259C101.215 105.223 101.232 105.185 101.249 105.148C101.279 105.081 101.309 105.013 101.353 104.952C101.392 104.9 101.4 104.839 101.408 104.778C101.414 104.734 101.421 104.689 101.438 104.648C101.469 104.573 101.489 104.493 101.508 104.414C101.512 104.394 101.517 104.375 101.522 104.356C101.532 104.316 101.545 104.277 101.559 104.238C101.563 104.227 101.567 104.216 101.571 104.205C101.584 104.168 101.598 104.132 101.613 104.095C101.658 103.983 101.704 103.871 101.702 103.747C101.702 103.719 101.709 103.693 101.723 103.67C101.732 103.656 101.744 103.642 101.756 103.628C101.776 103.606 101.795 103.584 101.8 103.56C101.804 103.541 101.795 103.521 101.787 103.5C101.778 103.478 101.768 103.456 101.775 103.437C101.811 103.341 101.815 103.24 101.819 103.139C101.821 103.084 101.823 103.03 101.83 102.976C101.837 102.928 101.837 102.878 101.838 102.829C101.838 102.746 101.839 102.664 101.87 102.585C101.881 102.557 101.874 102.527 101.867 102.496C101.863 102.482 101.86 102.468 101.859 102.454C101.858 102.445 101.856 102.436 101.854 102.427C101.85 102.404 101.846 102.381 101.857 102.361C101.897 102.291 101.892 102.217 101.888 102.144C101.887 102.129 101.886 102.114 101.886 102.099C101.886 102.097 101.886 102.095 101.886 102.093C101.884 102.05 101.883 102.007 101.908 101.968C101.966 101.881 101.931 101.794 101.896 101.708C101.893 101.699 101.889 101.69 101.886 101.682C101.882 101.672 101.877 101.662 101.871 101.652C101.86 101.632 101.848 101.611 101.854 101.592C101.881 101.512 101.863 101.433 101.846 101.355C101.833 101.299 101.821 101.245 101.824 101.189C101.826 101.16 101.825 101.131 101.824 101.102C101.821 101.031 101.819 100.961 101.854 100.888C101.865 100.868 101.861 100.846 101.858 100.824C101.855 100.81 101.853 100.796 101.854 100.783C101.855 100.769 101.852 100.754 101.85 100.74C101.843 100.707 101.837 100.674 101.873 100.638C101.885 100.626 101.886 100.61 101.88 100.599C101.837 100.533 101.807 100.466 101.777 100.398C101.738 100.31 101.7 100.222 101.631 100.142C101.622 100.133 101.614 100.123 101.606 100.113Z" fill="white"/>
<path d="M139.016 137.074C138.954 137.139 138.891 137.204 138.828 137.269C138.817 137.272 138.807 137.275 138.797 137.278C138.782 137.282 138.768 137.287 138.753 137.292C138.648 137.322 138.621 137.319 138.599 137.273C138.587 137.246 138.576 137.22 138.566 137.193C138.562 137.184 138.559 137.176 138.556 137.168C138.532 137.128 138.521 137.084 138.509 137.04C138.497 136.992 138.484 136.943 138.455 136.9C138.407 136.828 138.372 136.749 138.337 136.671C138.321 136.634 138.305 136.598 138.288 136.563C138.286 136.561 138.284 136.558 138.282 136.556C138.277 136.552 138.272 136.547 138.275 136.541C138.312 136.473 138.275 136.44 138.238 136.406C138.225 136.394 138.212 136.382 138.201 136.369C138.172 136.327 138.129 136.293 138.087 136.259C138.033 136.215 137.978 136.171 137.951 136.109C137.913 136.02 137.856 135.939 137.799 135.859C137.789 135.844 137.778 135.829 137.768 135.814C137.765 135.809 137.761 135.803 137.757 135.798C137.725 135.748 137.692 135.698 137.643 135.66C137.51 135.558 137.421 135.434 137.342 135.302C137.24 135.132 137.124 134.967 136.986 134.825C136.923 134.759 136.862 134.694 136.801 134.628C136.714 134.535 136.628 134.442 136.538 134.353C136.525 134.339 136.518 134.322 136.511 134.305C136.508 134.3 136.506 134.294 136.504 134.289C136.502 134.285 136.5 134.28 136.499 134.275C136.495 134.263 136.491 134.251 136.479 134.247C136.404 134.231 136.378 134.17 136.352 134.11C136.33 134.06 136.308 134.01 136.259 133.985C136.269 133.906 136.213 133.895 136.152 133.883C136.117 133.877 136.096 133.853 136.074 133.829C136.066 133.82 136.058 133.811 136.049 133.803C136.042 133.797 136.037 133.789 136.033 133.782C136.024 133.768 136.015 133.755 136 133.752C135.945 133.74 135.909 133.707 135.874 133.674C135.844 133.646 135.815 133.618 135.774 133.604C135.774 133.548 135.739 133.529 135.705 133.511C135.696 133.506 135.687 133.501 135.679 133.496C135.638 133.466 135.598 133.435 135.565 133.396C135.549 133.377 135.533 133.356 135.517 133.336C135.481 133.29 135.444 133.244 135.406 133.199C135.401 133.192 135.395 133.184 135.39 133.176C135.376 133.157 135.362 133.136 135.342 133.127C135.195 133.063 135.061 132.982 134.925 132.9C134.888 132.877 134.85 132.855 134.812 132.832C134.788 132.817 134.762 132.806 134.736 132.795C134.718 132.788 134.7 132.78 134.684 132.772C134.655 132.757 134.628 132.741 134.6 132.726C134.558 132.702 134.517 132.678 134.473 132.659C134.457 132.652 134.44 132.644 134.424 132.636C134.379 132.614 134.334 132.592 134.285 132.584C134.179 132.571 134.08 132.544 133.981 132.518C133.924 132.502 133.868 132.487 133.811 132.475C133.786 132.468 133.761 132.462 133.736 132.456C133.643 132.432 133.551 132.408 133.461 132.368C133.406 132.342 133.346 132.345 133.287 132.352C133.238 132.358 133.195 132.354 133.151 132.311C133.114 132.27 133.074 132.273 133.026 132.315C132.993 132.344 132.953 132.332 132.915 132.321C132.91 132.319 132.904 132.318 132.899 132.316C132.826 132.295 132.751 132.28 132.676 132.265C132.637 132.257 132.598 132.249 132.56 132.24C132.548 132.237 132.535 132.236 132.524 132.24C132.43 132.289 132.338 132.312 132.244 132.325C132.198 132.335 132.151 132.343 132.105 132.351C132.058 132.359 132.011 132.367 131.965 132.377C131.864 132.409 131.765 132.44 131.673 132.494C131.611 132.532 131.543 132.537 131.468 132.534C131.428 132.532 131.395 132.491 131.372 132.406C131.356 132.35 131.346 132.293 131.337 132.239C131.334 132.217 131.337 132.19 131.347 132.185C131.363 132.177 131.377 132.164 131.391 132.151C131.423 132.122 131.456 132.092 131.51 132.115C131.603 132.152 131.677 132.134 131.749 132.077C131.77 132.062 131.792 132.048 131.814 132.035C131.852 132.011 131.891 131.987 131.926 131.951C131.945 131.931 131.975 131.925 131.999 131.933C132.074 131.958 132.143 131.961 132.211 131.951C132.279 131.944 132.344 131.919 132.41 131.882C132.443 131.863 132.476 131.857 132.512 131.87C132.562 131.889 132.611 131.897 132.661 131.904C132.676 131.907 132.691 131.909 132.706 131.912C132.719 131.912 132.734 131.91 132.744 131.899C132.797 131.841 132.852 131.827 132.907 131.883C132.914 131.89 132.924 131.892 132.933 131.887C133.002 131.849 133.067 131.869 133.132 131.889C133.155 131.896 133.178 131.903 133.2 131.908C133.257 131.917 133.314 131.915 133.372 131.912C133.419 131.911 133.466 131.909 133.513 131.913C133.539 131.916 133.565 131.926 133.589 131.935C133.601 131.94 133.612 131.944 133.624 131.948C133.643 131.954 133.662 131.96 133.682 131.966C133.733 131.982 133.784 131.999 133.834 132.018C133.852 132.025 133.869 132.029 133.887 132.034C133.923 132.044 133.96 132.054 133.992 132.075C134.008 132.084 134.019 132.107 134.029 132.129C134.041 132.152 134.052 132.176 134.069 132.183C134.088 132.19 134.115 132.176 134.142 132.161C134.158 132.153 134.175 132.144 134.191 132.139C134.208 132.135 134.226 132.145 134.239 132.157C134.302 132.208 134.375 132.234 134.447 132.26C134.463 132.266 134.479 132.272 134.495 132.278C134.528 132.289 134.559 132.306 134.59 132.323C134.601 132.329 134.611 132.334 134.622 132.34C134.642 132.351 134.664 132.361 134.685 132.372C134.762 132.412 134.84 132.451 134.907 132.507C134.95 132.546 135.005 132.562 135.059 132.578C135.102 132.591 135.145 132.603 135.183 132.627C135.235 132.663 135.291 132.691 135.347 132.72C135.378 132.736 135.409 132.752 135.44 132.769C135.477 132.789 135.51 132.816 135.544 132.842C135.55 132.847 135.557 132.853 135.563 132.858C135.607 132.891 135.649 132.929 135.691 132.966C135.706 132.98 135.722 132.994 135.738 133.008C135.794 133.06 135.853 133.107 135.925 133.139C135.948 133.149 135.968 133.166 135.982 133.188C135.991 133.202 135.997 133.219 136.003 133.236C136.012 133.262 136.021 133.287 136.039 133.303C136.051 133.314 136.072 133.317 136.093 133.32C136.116 133.322 136.139 133.325 136.151 133.34C136.204 133.406 136.271 133.455 136.338 133.505C136.39 133.544 136.442 133.582 136.488 133.628C136.518 133.661 136.553 133.689 136.589 133.717C136.653 133.768 136.718 133.819 136.751 133.899C136.763 133.925 136.789 133.94 136.816 133.954C136.828 133.961 136.841 133.968 136.852 133.977C136.859 133.982 136.867 133.987 136.874 133.992C136.893 134.004 136.912 134.016 136.918 134.037C136.94 134.115 136.991 134.166 137.044 134.219C137.052 134.227 137.06 134.235 137.068 134.243C137.098 134.273 137.129 134.307 137.133 134.353C137.142 134.448 137.212 134.491 137.283 134.536C137.295 134.543 137.306 134.55 137.317 134.557C137.325 134.563 137.335 134.567 137.345 134.572C137.365 134.582 137.386 134.592 137.392 134.61C137.416 134.684 137.467 134.737 137.519 134.79C137.56 134.831 137.6 134.873 137.627 134.924C137.638 134.944 137.649 134.963 137.661 134.982C137.7 135.045 137.74 135.109 137.736 135.195C137.736 135.218 137.749 135.236 137.761 135.253C137.769 135.263 137.776 135.274 137.781 135.286C137.786 135.298 137.794 135.309 137.802 135.32C137.821 135.346 137.841 135.373 137.821 135.42C137.816 135.434 137.82 135.45 137.83 135.456C137.899 135.5 137.953 135.554 138.008 135.608C138.07 135.67 138.133 135.732 138.217 135.781C138.351 135.861 138.428 135.985 138.503 136.105L138.508 136.114C138.516 136.126 138.526 136.136 138.536 136.146C138.56 136.169 138.584 136.193 138.572 136.235C138.568 136.248 138.583 136.256 138.599 136.265C138.607 136.269 138.615 136.273 138.621 136.278C138.631 136.288 138.643 136.298 138.655 136.308C138.687 136.334 138.72 136.361 138.721 136.397C138.722 136.461 138.754 136.509 138.786 136.556C138.797 136.572 138.808 136.589 138.818 136.606L138.821 136.612C138.854 136.675 138.887 136.737 138.901 136.808C138.914 136.868 138.942 136.923 138.97 136.978C138.983 137.003 138.996 137.029 139.008 137.055C139.01 137.06 139.011 137.063 139.013 137.067C139.014 137.07 139.015 137.072 139.016 137.074Z" fill="white"/>
<path d="M151.301 107.865C151.285 108.019 151.268 108.173 151.251 108.326C151.221 108.344 151.19 108.361 151.159 108.378C151.059 108.424 150.957 108.467 150.856 108.509C150.778 108.538 150.698 108.559 150.617 108.581C150.537 108.602 150.456 108.618 150.371 108.618C150.292 108.621 150.214 108.647 150.139 108.676C150.077 108.7 150.018 108.706 149.952 108.677C149.894 108.65 149.845 108.66 149.792 108.709C149.756 108.743 149.705 108.739 149.657 108.735C149.648 108.735 149.639 108.734 149.631 108.734C149.55 108.729 149.47 108.721 149.391 108.714C149.328 108.708 149.266 108.702 149.205 108.698C149.202 108.698 149.2 108.697 149.197 108.697C149.185 108.697 149.172 108.697 149.161 108.702C149.037 108.762 148.912 108.793 148.793 108.822C148.701 108.844 148.612 108.865 148.529 108.899C148.428 108.945 148.332 109.001 148.27 109.081C148.231 109.128 148.183 109.155 148.129 109.185C148.122 109.188 148.115 109.192 148.109 109.196C148.074 109.213 148.024 109.196 147.96 109.135C147.919 109.095 147.881 109.05 147.848 109.006C147.835 108.988 147.826 108.96 147.834 108.95C147.842 108.935 147.849 108.92 147.856 108.904C147.881 108.85 147.906 108.793 147.981 108.785C148.099 108.78 148.171 108.729 148.244 108.65C148.27 108.623 148.3 108.601 148.33 108.578C148.368 108.549 148.406 108.519 148.44 108.48C148.46 108.456 148.496 108.441 148.526 108.447C148.708 108.47 148.858 108.434 149.01 108.35C149.048 108.33 149.085 108.323 149.13 108.333C149.186 108.347 149.242 108.35 149.297 108.353C149.317 108.354 149.337 108.355 149.357 108.356C149.372 108.356 149.387 108.352 149.399 108.339C149.455 108.278 149.514 108.257 149.582 108.303C149.59 108.309 149.603 108.309 149.611 108.303C149.675 108.258 149.743 108.264 149.811 108.27C149.845 108.273 149.879 108.276 149.913 108.273C149.991 108.266 150.065 108.239 150.138 108.213C150.173 108.2 150.208 108.188 150.243 108.178C150.269 108.17 150.296 108.169 150.324 108.169C150.339 108.168 150.354 108.168 150.37 108.166L150.609 108.119C150.637 108.113 150.663 108.104 150.69 108.095C150.722 108.084 150.755 108.074 150.789 108.07C150.808 108.068 150.832 108.078 150.855 108.087C150.882 108.099 150.908 108.11 150.928 108.103C150.953 108.093 150.967 108.062 150.982 108.031C150.989 108.014 150.997 107.998 151.006 107.985C151.018 107.967 151.038 107.962 151.058 107.96C151.147 107.947 151.227 107.911 151.301 107.865Z" fill="white"/>
<path d="M148.068 119.274C147.968 119.362 147.832 119.378 147.717 119.436C147.564 119.512 147.392 119.529 147.224 119.542C147.213 119.542 147.2 119.554 147.191 119.548C147.105 119.467 147.027 119.534 146.941 119.539C146.788 119.555 146.628 119.636 146.468 119.598C146.391 119.583 146.312 119.57 146.234 119.555C146.155 119.544 146.075 119.528 145.998 119.511C145.907 119.493 145.822 119.46 145.728 119.456C145.505 119.439 145.295 119.359 145.103 119.249C144.857 119.106 144.621 118.953 144.38 118.798C144.117 118.628 143.878 118.418 143.655 118.197C143.63 118.173 143.614 118.14 143.597 118.109C143.586 118.089 143.581 118.059 143.561 118.05C143.387 117.976 143.396 117.761 143.269 117.653C143.276 117.559 143.213 117.525 143.142 117.483C143.086 117.451 143.061 117.387 143.027 117.335C143.008 117.306 143.002 117.267 142.975 117.248C142.86 117.169 142.835 117.031 142.743 116.937C142.756 116.854 142.696 116.808 142.663 116.747C142.625 116.684 142.591 116.619 142.568 116.548C142.529 116.436 142.503 116.32 142.472 116.206C142.461 116.163 142.46 116.114 142.436 116.078C142.285 115.836 142.184 115.569 142.092 115.303C142.071 115.241 142.04 115.181 142.019 115.119C141.983 115.013 141.951 114.908 141.918 114.803C141.889 114.714 141.869 114.62 141.824 114.538C141.716 114.337 141.646 114.121 141.577 113.905C141.524 113.742 141.477 113.576 141.459 113.405C141.45 113.323 141.417 113.245 141.382 113.17C141.354 113.108 141.336 113.048 141.356 112.976C141.374 112.913 141.356 112.861 141.3 112.81C141.254 112.77 141.256 112.699 141.248 112.639C141.233 112.479 141.225 112.319 141.217 112.159C141.217 112.144 141.214 112.126 141.207 112.112C141.071 111.869 141.047 111.596 140.995 111.333C140.966 111.186 140.933 111.04 140.888 110.896C140.858 110.799 140.864 110.699 140.877 110.598C140.884 110.544 140.932 110.518 141.02 110.519C141.079 110.519 141.136 110.528 141.192 110.536C141.214 110.539 141.24 110.554 141.244 110.567C141.263 110.639 141.332 110.699 141.286 110.786C141.231 110.891 141.25 110.992 141.302 111.089C141.344 111.167 141.362 111.254 141.426 111.326C141.447 111.35 141.453 111.386 141.446 111.418C141.403 111.599 141.446 111.766 141.541 111.922C141.564 111.961 141.575 112 141.57 112.046C141.561 112.128 141.57 112.21 141.577 112.29C141.577 112.306 141.585 112.324 141.6 112.334C141.669 112.385 141.699 112.446 141.665 112.527C141.66 112.537 141.665 112.55 141.67 112.558C141.755 112.653 141.725 112.776 141.752 112.885C141.783 113.01 141.843 113.129 141.888 113.249C141.904 113.294 141.905 113.345 141.914 113.392L141.968 113.663C141.984 113.732 142.013 113.797 142.017 113.869C142.02 113.915 141.964 113.977 141.979 114.018C141.992 114.06 142.058 114.085 142.095 114.121C142.111 114.137 142.114 114.16 142.114 114.183C142.114 114.306 142.163 114.417 142.205 114.528C142.226 114.584 142.239 114.642 142.255 114.7C142.292 114.835 142.35 114.964 142.372 115.106C142.395 115.238 142.496 115.333 142.536 115.456C142.576 115.574 142.641 115.682 142.694 115.794C142.722 115.853 142.745 115.913 142.769 115.974C142.844 116.154 142.893 116.348 143.018 116.502C143.038 116.527 143.054 116.557 143.061 116.59C143.073 116.642 143.067 116.703 143.092 116.747C143.115 116.789 143.184 116.803 143.203 116.847C143.279 117.024 143.423 117.156 143.529 117.312C143.62 117.444 143.756 117.541 143.825 117.69C143.848 117.738 143.905 117.761 143.944 117.797C143.972 117.823 144.012 117.839 144.026 117.873C144.069 117.978 144.156 118.045 144.236 118.115C144.277 118.15 144.321 118.184 144.342 118.238C144.389 118.363 144.509 118.403 144.621 118.446C144.657 118.459 144.704 118.462 144.725 118.49C144.83 118.625 145.005 118.658 145.135 118.753C145.232 118.825 145.347 118.865 145.423 118.975C145.449 119.011 145.498 119.015 145.534 119.04C145.583 119.073 145.651 119.067 145.678 119.141C145.684 119.156 145.701 119.168 145.717 119.168C145.927 119.169 146.121 119.227 146.329 119.175C146.507 119.133 146.674 119.146 146.841 119.146C146.893 119.143 146.945 119.104 146.997 119.149C147.014 119.164 147.042 119.133 147.065 119.126C147.121 119.109 147.176 119.061 147.224 119.079C147.309 119.106 147.384 119.066 147.456 119.043C147.525 119.02 147.587 118.995 147.652 118.984C147.734 118.969 147.792 118.912 147.844 118.865C147.857 118.854 147.865 118.84 147.884 118.837C147.92 118.828 147.998 118.861 148.067 118.922C148.099 118.95 148.127 118.982 148.156 119.014C148.228 119.094 148.235 119.128 148.186 119.177C148.15 119.214 148.109 119.244 148.067 119.274H148.068Z" fill="white"/>
<path d="M131.192 128.264C131.216 128.253 131.259 128.212 131.278 128.162C131.298 128.11 131.301 128.041 131.305 127.965C131.308 127.917 131.326 127.873 131.35 127.832C131.416 127.71 131.49 127.603 131.557 127.488C131.563 127.478 131.562 127.461 131.572 127.456C131.684 127.418 131.665 127.31 131.693 127.226C131.75 127.073 131.706 126.895 131.771 126.748C131.786 126.712 131.801 126.675 131.812 126.637L131.838 126.52L131.883 126.287C131.903 126.199 131.91 126.107 131.903 126.016C131.886 125.799 131.886 125.589 131.915 125.378C131.922 125.242 131.927 125.105 131.93 124.967C131.926 124.828 131.913 124.692 131.897 124.555C131.874 124.404 131.85 124.254 131.83 124.103L131.749 123.653C131.742 123.62 131.749 123.586 131.749 123.551C131.749 123.528 131.76 123.501 131.749 123.483C131.639 123.337 131.752 123.154 131.677 123C131.724 122.918 131.677 122.858 131.629 122.794C131.592 122.743 131.589 122.674 131.575 122.614C131.566 122.581 131.575 122.542 131.555 122.514C131.471 122.403 131.488 122.262 131.421 122.147C131.455 122.068 131.406 122.009 131.387 121.941C131.367 121.869 131.344 121.799 131.333 121.725C131.314 121.606 131.307 121.483 131.291 121.362C131.285 121.316 131.288 121.267 131.269 121.226C131.146 120.958 131.058 120.674 130.966 120.395C130.944 120.328 130.914 120.265 130.891 120.2C130.852 120.091 130.822 119.979 130.78 119.871C130.745 119.778 130.721 119.68 130.67 119.597C130.547 119.392 130.45 119.178 130.349 118.965C130.269 118.806 130.195 118.645 130.136 118.477C130.109 118.396 130.061 118.322 130.005 118.256C129.96 118.202 129.927 118.145 129.927 118.069C129.927 118 129.894 117.952 129.822 117.921C129.765 117.895 129.743 117.826 129.717 117.768C129.648 117.618 129.58 117.467 129.505 117.317C129.498 117.302 129.488 117.287 129.475 117.276C129.361 117.188 129.269 117.084 129.177 116.98C129.089 116.874 129.001 116.767 128.906 116.666C128.806 116.551 128.685 116.455 128.565 116.363C128.48 116.304 128.418 116.224 128.363 116.137C128.333 116.089 128.351 116.037 128.418 115.981C128.463 115.944 128.512 115.91 128.561 115.882C128.579 115.87 128.61 115.864 128.621 115.873C128.686 115.921 128.785 115.929 128.81 116.03C128.839 116.152 128.915 116.23 129.023 116.286C129.111 116.331 129.173 116.402 129.272 116.436C129.305 116.448 129.333 116.479 129.344 116.511C129.38 116.605 129.423 116.691 129.485 116.763C129.546 116.835 129.618 116.898 129.698 116.956C129.739 116.985 129.766 117.019 129.783 117.068C129.815 117.153 129.858 117.232 129.899 117.313C129.906 117.329 129.92 117.343 129.939 117.349C130.025 117.379 130.081 117.431 130.077 117.525C130.077 117.536 130.084 117.549 130.093 117.556C130.207 117.631 130.227 117.765 130.284 117.873C130.352 117.997 130.449 118.106 130.523 118.229C130.551 118.274 130.565 118.327 130.585 118.376L130.698 118.658C130.728 118.73 130.768 118.796 130.784 118.873C130.794 118.923 130.75 118.994 130.768 119.037C130.787 119.08 130.859 119.1 130.899 119.136C130.917 119.152 130.922 119.178 130.925 119.201C130.941 119.335 131.003 119.45 131.053 119.57C131.079 119.629 131.097 119.692 131.117 119.754C131.164 119.899 131.223 120.042 131.251 120.193C131.274 120.336 131.376 120.444 131.413 120.579C131.449 120.71 131.511 120.831 131.556 120.959C131.579 121.025 131.596 121.094 131.616 121.162C131.677 121.365 131.693 121.581 131.791 121.773C131.807 121.804 131.814 121.84 131.815 121.876C131.817 121.934 131.796 121.996 131.809 122.048C131.822 122.097 131.887 122.134 131.894 122.183C131.917 122.391 132.018 122.578 132.057 122.781C132.09 122.952 132.177 123.115 132.162 123.296C132.159 123.354 132.197 123.409 132.214 123.465C132.226 123.505 132.251 123.545 132.244 123.586C132.221 123.708 132.251 123.822 132.273 123.94C132.285 123.998 132.296 124.059 132.275 124.117C132.226 124.254 132.282 124.373 132.328 124.499C132.341 124.539 132.37 124.581 132.361 124.62C132.322 124.805 132.4 124.987 132.375 125.17C132.361 125.304 132.375 125.445 132.295 125.57C132.27 125.612 132.28 125.664 132.269 125.71C132.253 125.772 132.282 125.845 132.211 125.895C132.197 125.907 132.188 125.927 132.191 125.943C132.21 126.055 132.21 126.169 132.213 126.284C132.208 126.398 132.201 126.513 132.218 126.634C132.236 126.742 132.223 126.846 132.2 126.95C132.175 127.053 132.148 127.155 132.113 127.256C132.089 127.317 132.099 127.393 132.031 127.438C132.01 127.452 132.021 127.498 132.015 127.528C131.997 127.602 132.005 127.698 131.949 127.746C131.858 127.829 131.825 127.937 131.771 128.04L131.758 128.064L131.75 128.076L131.747 128.081L131.756 128.068H131.759C131.759 128.068 131.759 128.068 131.756 128.071L131.745 128.13L131.732 128.198L131.72 128.25C131.716 128.27 131.71 128.287 131.703 128.306C131.677 128.378 131.645 128.444 131.591 128.515C131.536 128.581 131.454 128.665 131.303 128.703C131.229 128.722 131.144 128.724 131.071 128.705C131.056 128.702 131.025 128.693 130.994 128.68C130.964 128.666 130.94 128.656 130.909 128.633C130.849 128.59 130.803 128.534 130.771 128.473C130.716 128.364 130.715 128.266 130.722 128.201C130.731 128.132 130.751 128.077 130.783 128.024C130.799 127.998 130.824 127.966 130.847 127.943C130.881 127.911 130.905 127.893 130.958 127.864C130.997 127.842 131.072 127.821 131.133 127.821C131.199 127.821 131.274 127.841 131.31 127.867C131.347 127.891 131.383 127.926 131.392 127.947C131.402 127.969 131.406 127.988 131.408 128.004C131.408 128.037 131.396 128.057 131.376 128.067C131.337 128.087 131.287 128.094 131.249 128.117C131.196 128.143 131.173 128.179 131.18 128.199C131.187 128.218 131.189 128.222 131.183 128.243C131.182 128.25 131.18 128.256 131.182 128.26V128.263C131.182 128.263 131.173 128.266 131.171 128.269C131.176 128.251 131.184 128.264 131.197 128.26L131.192 128.266V128.264Z" fill="white"/>
<path d="M124.782 112.444C124.681 112.466 124.576 112.43 124.474 112.457C124.343 112.496 124.208 112.508 124.074 112.531C124.065 112.532 124.055 112.544 124.048 112.538C123.967 112.466 123.911 112.535 123.846 112.563C123.728 112.612 123.635 112.731 123.509 112.751C123.385 112.768 123.272 112.825 123.156 112.871C123.09 112.898 123.023 112.92 122.965 112.964C122.825 113.069 122.681 113.152 122.523 113.203C122.472 113.221 122.422 113.239 122.372 113.26L122.228 113.33C122.133 113.379 122.038 113.431 121.947 113.487L121.652 113.683C121.554 113.748 121.451 113.805 121.359 113.879C121.339 113.895 121.31 113.897 121.286 113.906C121.27 113.912 121.244 113.909 121.237 113.925C121.176 114.063 120.994 114.005 120.914 114.113C120.835 114.093 120.812 114.152 120.788 114.213C120.767 114.26 120.717 114.278 120.68 114.306C120.659 114.322 120.626 114.324 120.615 114.348C120.569 114.448 120.462 114.473 120.407 114.561C120.334 114.551 120.312 114.61 120.272 114.643C120.23 114.681 120.187 114.717 120.137 114.744C120.059 114.792 119.975 114.835 119.895 114.881C119.865 114.898 119.826 114.908 119.804 114.936C119.77 114.98 119.734 115.022 119.695 115.064C119.659 115.106 119.623 115.149 119.585 115.189C119.51 115.271 119.43 115.349 119.351 115.427C119.312 115.463 119.284 115.509 119.25 115.548L119.073 115.742C119.024 115.798 118.963 115.847 118.933 115.918C118.859 116.086 118.756 116.23 118.659 116.381C118.592 116.5 118.523 116.613 118.427 116.716C118.381 116.763 118.358 116.826 118.344 116.891C118.331 116.944 118.309 116.989 118.253 117.018C118.203 117.044 118.187 117.084 118.204 117.148C118.219 117.198 118.178 117.238 118.15 117.279C118.078 117.382 118.006 117.484 117.939 117.592C117.932 117.604 117.926 117.616 117.926 117.628C117.938 117.847 117.867 118.032 117.864 118.22C117.863 118.324 117.879 118.423 117.919 118.51C117.948 118.567 117.945 118.628 117.945 118.694C117.945 118.73 117.903 118.765 117.821 118.793C117.767 118.812 117.71 118.825 117.654 118.835C117.633 118.838 117.605 118.835 117.598 118.824C117.565 118.768 117.487 118.72 117.526 118.636C117.572 118.537 117.561 118.456 117.519 118.366C117.487 118.292 117.484 118.216 117.441 118.138C117.425 118.111 117.43 118.078 117.445 118.053C117.538 117.909 117.559 117.77 117.545 117.607C117.542 117.567 117.551 117.532 117.578 117.499C117.625 117.441 117.657 117.378 117.693 117.319C117.7 117.307 117.703 117.292 117.697 117.276C117.667 117.201 117.677 117.142 117.749 117.107C117.759 117.103 117.765 117.093 117.764 117.084C117.754 116.973 117.847 116.911 117.892 116.826C117.945 116.73 117.962 116.613 118.013 116.515C118.03 116.478 118.063 116.449 118.088 116.416L118.229 116.226C118.265 116.178 118.285 116.118 118.335 116.08C118.367 116.055 118.446 116.065 118.468 116.036C118.489 116.006 118.465 115.944 118.468 115.899C118.468 115.88 118.485 115.866 118.499 115.854C118.589 115.795 118.635 115.703 118.697 115.623C118.727 115.582 118.766 115.548 118.8 115.512C118.883 115.425 118.953 115.329 119.048 115.255C119.142 115.192 119.171 115.075 119.251 115.002C119.33 114.933 119.385 114.839 119.461 114.766C119.5 114.727 119.543 114.694 119.585 114.658C119.712 114.551 119.855 114.466 119.96 114.337C119.977 114.315 120 114.298 120.026 114.288C120.068 114.27 120.124 114.272 120.157 114.246C120.187 114.221 120.186 114.155 120.219 114.135C120.359 114.053 120.462 113.928 120.592 113.833C120.701 113.752 120.789 113.638 120.927 113.601C120.971 113.589 120.995 113.54 121.03 113.509C121.054 113.487 121.074 113.455 121.106 113.45C121.201 113.431 121.274 113.376 121.351 113.326C121.39 113.301 121.43 113.274 121.479 113.275C121.597 113.28 121.657 113.19 121.729 113.114C121.752 113.091 121.771 113.052 121.801 113.048C121.95 113.028 122.048 112.902 122.182 112.856C122.281 112.826 122.375 112.771 122.493 112.793C122.531 112.8 122.562 112.771 122.599 112.764C122.648 112.754 122.686 112.705 122.749 112.743C122.762 112.751 122.779 112.748 122.789 112.74C122.925 112.617 123.09 112.561 123.228 112.419C123.351 112.298 123.509 112.257 123.662 112.205C123.709 112.19 123.748 112.138 123.807 112.168C123.826 112.178 123.848 112.144 123.869 112.133C123.921 112.108 123.973 112.056 124.028 112.067C124.12 112.087 124.198 112.047 124.281 112.027C124.36 112.005 124.439 111.994 124.523 112.004C124.624 112.015 124.723 111.988 124.824 111.978C124.847 111.975 124.871 111.971 124.895 111.978C124.945 111.995 124.979 112.072 124.981 112.164C124.981 112.207 124.978 112.25 124.975 112.292C124.967 112.401 124.954 112.427 124.9 112.433C124.86 112.437 124.82 112.439 124.779 112.442L124.782 112.444Z" fill="white"/>
<path d="M119.882 126.345C119.781 126.345 119.687 126.284 119.584 126.306C119.451 126.33 119.319 126.306 119.188 126.328C119.179 126.328 119.169 126.341 119.162 126.333C119.088 126.256 119.029 126.325 118.964 126.343C118.845 126.384 118.753 126.503 118.633 126.519C118.515 126.539 118.406 126.598 118.296 126.643C118.233 126.666 118.171 126.7 118.119 126.748C118.057 126.808 117.992 126.855 117.925 126.896C117.858 126.942 117.789 126.981 117.716 127.016C117.622 127.058 117.533 127.112 117.447 127.17C117.36 127.228 117.275 127.285 117.199 127.36C117.026 127.513 116.855 127.664 116.689 127.822C116.672 127.841 116.645 127.848 116.622 127.861C116.606 127.87 116.581 127.87 116.577 127.887C116.539 128.031 116.354 128.004 116.293 128.122C116.211 128.113 116.198 128.174 116.182 128.236C116.171 128.286 116.122 128.308 116.09 128.344C116.073 128.362 116.041 128.369 116.035 128.397C116.01 128.506 115.903 128.542 115.863 128.634C115.789 128.634 115.776 128.696 115.743 128.737C115.707 128.78 115.671 128.822 115.626 128.856C115.553 128.911 115.477 128.966 115.402 129.02C115.373 129.042 115.337 129.056 115.32 129.087C115.207 129.281 115.068 129.451 114.927 129.625C114.894 129.667 114.868 129.713 114.836 129.755C114.784 129.825 114.725 129.892 114.675 129.962C114.631 130.023 114.578 130.079 114.551 130.148C114.485 130.318 114.392 130.469 114.306 130.624C114.241 130.743 114.176 130.858 114.091 130.964C114.05 131.015 114.032 131.078 114.018 131.141C114.006 131.193 113.986 131.238 113.932 131.268C113.884 131.296 113.871 131.337 113.891 131.398C113.909 131.447 113.871 131.488 113.848 131.529C113.783 131.635 113.716 131.741 113.654 131.851C113.648 131.863 113.641 131.874 113.642 131.887C113.661 132.109 113.585 132.301 113.56 132.505C113.543 132.617 113.543 132.733 113.554 132.845C113.563 132.921 113.544 132.993 113.514 133.067C113.498 133.107 113.446 133.121 113.36 133.11C113.302 133.103 113.246 133.09 113.191 133.075C113.171 133.07 113.147 133.055 113.145 133.044C113.14 132.982 113.081 132.918 113.141 132.855C113.217 132.779 113.223 132.697 113.197 132.604C113.178 132.531 113.187 132.458 113.15 132.38C113.137 132.354 113.141 132.322 113.16 132.299C113.262 132.17 113.282 132.031 113.265 131.873C113.261 131.834 113.266 131.8 113.294 131.768C113.34 131.712 113.367 131.648 113.4 131.588C113.406 131.576 113.407 131.56 113.4 131.546C113.367 131.476 113.373 131.415 113.442 131.379C113.451 131.375 113.456 131.365 113.454 131.355C113.433 131.244 113.526 131.179 113.563 131.092C113.61 130.995 113.631 130.884 113.671 130.781C113.687 130.744 113.716 130.714 113.739 130.679C113.78 130.614 113.826 130.55 113.87 130.486C113.903 130.437 113.924 130.38 113.969 130.339C113.998 130.312 114.077 130.318 114.096 130.288C114.116 130.257 114.086 130.197 114.086 130.152C114.086 130.133 114.1 130.119 114.116 130.108C114.201 130.044 114.244 129.955 114.299 129.87C114.325 129.828 114.359 129.791 114.39 129.752C114.463 129.661 114.525 129.56 114.616 129.484C114.701 129.412 114.714 129.292 114.786 129.213C114.855 129.136 114.904 129.043 114.964 128.958C114.997 128.915 115.035 128.876 115.071 128.836C115.125 128.776 115.186 128.721 115.242 128.663C115.301 128.607 115.356 128.548 115.395 128.475C115.408 128.45 115.428 128.43 115.451 128.417C115.49 128.394 115.542 128.387 115.572 128.358C115.599 128.331 115.588 128.266 115.618 128.243C115.745 128.146 115.818 127.998 115.935 127.891C116.031 127.799 116.096 127.671 116.226 127.613C116.266 127.595 116.282 127.543 116.31 127.508C116.331 127.484 116.345 127.449 116.375 127.439C116.469 127.41 116.531 127.344 116.597 127.282C116.63 127.252 116.665 127.217 116.712 127.212C116.827 127.197 116.879 127.109 116.938 127.022C116.957 126.994 116.969 126.952 116.997 126.944C117.137 126.901 117.222 126.771 117.347 126.709C117.439 126.664 117.529 126.603 117.647 126.611C117.686 126.614 117.713 126.582 117.748 126.571C117.794 126.555 117.83 126.509 117.896 126.544C117.91 126.551 117.926 126.548 117.936 126.539C117.998 126.472 118.069 126.42 118.141 126.365C118.216 126.317 118.289 126.268 118.358 126.196C118.478 126.064 118.643 126.031 118.802 125.982C118.851 125.966 118.894 125.916 118.954 125.955C118.973 125.966 118.998 125.933 119.021 125.924C119.077 125.901 119.136 125.852 119.19 125.867C119.283 125.888 119.369 125.862 119.458 125.858C119.543 125.852 119.628 125.849 119.713 125.867C119.815 125.894 119.921 125.893 120.026 125.904C120.05 125.907 120.076 125.907 120.098 125.92C120.145 125.947 120.162 126.031 120.141 126.12C120.131 126.162 120.118 126.204 120.105 126.244C120.072 126.349 120.053 126.371 120.001 126.366C119.962 126.362 119.922 126.356 119.883 126.351V126.345H119.882Z" fill="white"/>
<path d="M104.114 124.421C104.023 124.304 103.932 124.186 103.842 124.068C103.87 124.042 103.896 124.014 103.922 123.986C103.985 123.919 104.048 123.851 104.14 123.809C104.167 123.795 104.185 123.771 104.204 123.746C104.215 123.731 104.226 123.716 104.239 123.704C104.255 123.689 104.268 123.671 104.28 123.653C104.305 123.616 104.331 123.579 104.387 123.57C104.406 123.567 104.422 123.551 104.428 123.535C104.457 123.447 104.493 123.364 104.53 123.282C104.587 123.153 104.644 123.026 104.67 122.882C104.699 122.707 104.775 122.555 104.852 122.402C104.867 122.373 104.881 122.344 104.896 122.314C104.905 122.296 104.91 122.277 104.916 122.258C104.928 122.215 104.941 122.173 104.988 122.149C105.003 122.141 105.004 122.119 105.005 122.096C105.005 122.085 105.006 122.073 105.008 122.064C105.014 122.043 105.018 122.02 105.022 121.997C105.032 121.945 105.042 121.892 105.076 121.859C105.138 121.8 105.168 121.726 105.198 121.652C105.209 121.626 105.219 121.601 105.231 121.575C105.274 121.482 105.318 121.39 105.38 121.306C105.431 121.238 105.466 121.159 105.502 121.081C105.52 121.043 105.537 121.004 105.557 120.966L105.559 120.962C105.571 120.936 105.584 120.909 105.604 120.889C105.652 120.842 105.741 120.842 105.822 120.889C105.852 120.906 105.881 120.927 105.909 120.947C105.915 120.952 105.922 120.956 105.928 120.961C106.017 121.025 106.029 121.054 105.997 121.12C105.978 121.161 105.957 121.199 105.937 121.237C105.932 121.247 105.926 121.257 105.921 121.267L105.916 121.263C105.891 121.324 105.854 121.38 105.817 121.435C105.777 121.496 105.736 121.557 105.711 121.626C105.664 121.75 105.599 121.866 105.534 121.982C105.509 122.027 105.483 122.072 105.459 122.118C105.457 122.123 105.455 122.128 105.454 122.133C105.452 122.142 105.451 122.15 105.444 122.151C105.357 122.18 105.34 122.247 105.322 122.316C105.316 122.34 105.31 122.365 105.3 122.388C105.273 122.451 105.256 122.52 105.24 122.589C105.215 122.69 105.19 122.792 105.13 122.88C105.066 122.973 105.01 123.071 104.953 123.17C104.923 123.223 104.893 123.276 104.861 123.328C104.847 123.352 104.833 123.375 104.818 123.399C104.78 123.46 104.742 123.521 104.716 123.59C104.626 123.818 104.488 124.015 104.324 124.193C104.254 124.27 104.184 124.345 104.114 124.421Z" fill="white"/>
<path d="M116.139 121.174C116.09 121.09 116.093 120.988 116.038 120.906C115.968 120.801 115.926 120.681 115.871 120.569C115.867 120.562 115.854 120.556 115.858 120.547C115.909 120.455 115.824 120.426 115.785 120.374C115.716 120.278 115.582 120.223 115.534 120.115C115.49 120.009 115.418 119.915 115.352 119.82C115.316 119.765 115.281 119.708 115.226 119.666C115.094 119.564 115.004 119.44 114.925 119.307C114.823 119.138 114.708 118.973 114.57 118.831C114.417 118.672 114.274 118.511 114.122 118.358C114.104 118.341 114.097 118.317 114.087 118.295C114.08 118.281 114.08 118.258 114.063 118.253C113.924 118.223 113.952 118.046 113.842 117.991C113.852 117.912 113.796 117.901 113.736 117.889C113.687 117.88 113.665 117.839 113.632 117.808C113.615 117.793 113.608 117.762 113.583 117.758C113.482 117.736 113.446 117.641 113.357 117.61C113.357 117.539 113.301 117.528 113.262 117.502C113.222 117.471 113.181 117.441 113.148 117.402C113.096 117.338 113.045 117.27 112.99 117.205C112.97 117.181 112.954 117.146 112.925 117.133C112.738 117.051 112.571 116.942 112.395 116.838C112.355 116.812 112.309 116.799 112.267 116.777C112.196 116.741 112.129 116.697 112.057 116.665C111.995 116.638 111.936 116.6 111.868 116.59C111.703 116.569 111.551 116.515 111.394 116.481C111.276 116.449 111.16 116.425 111.044 116.374C110.99 116.348 110.929 116.351 110.87 116.358C110.821 116.364 110.778 116.358 110.735 116.317C110.697 116.276 110.657 116.279 110.61 116.321C110.572 116.354 110.525 116.334 110.483 116.322C110.372 116.291 110.258 116.272 110.143 116.246C110.132 116.243 110.119 116.242 110.107 116.246C110.013 116.295 109.921 116.318 109.828 116.331C109.736 116.351 109.64 116.363 109.548 116.383C109.448 116.414 109.348 116.446 109.256 116.499C109.194 116.538 109.126 116.543 109.052 116.54C109.011 116.538 108.978 116.497 108.955 116.412C108.939 116.355 108.929 116.299 108.92 116.245C108.918 116.223 108.92 116.196 108.931 116.191C108.982 116.164 109.016 116.088 109.093 116.121C109.187 116.158 109.26 116.139 109.332 116.083C109.39 116.04 109.455 116.014 109.509 115.957C109.528 115.936 109.558 115.931 109.583 115.939C109.658 115.964 109.727 115.967 109.795 115.957C109.862 115.949 109.927 115.925 109.993 115.887C110.026 115.869 110.058 115.863 110.096 115.876C110.16 115.9 110.225 115.906 110.29 115.918C110.303 115.919 110.317 115.918 110.327 115.905C110.381 115.847 110.435 115.833 110.49 115.889C110.497 115.896 110.507 115.898 110.516 115.893C110.61 115.841 110.696 115.896 110.784 115.913C110.886 115.931 110.993 115.909 111.096 115.919C111.135 115.923 111.171 115.942 111.207 115.954C111.278 115.977 111.348 115.997 111.417 116.024C111.471 116.043 111.527 116.05 111.576 116.08C111.608 116.101 111.62 116.175 111.652 116.188C111.684 116.2 111.733 116.157 111.775 116.145C111.792 116.141 111.809 116.151 111.822 116.162C111.9 116.226 111.991 116.25 112.078 116.283C112.123 116.299 112.163 116.324 112.205 116.345C112.303 116.397 112.405 116.442 112.49 116.512C112.568 116.583 112.68 116.579 112.767 116.633C112.847 116.688 112.938 116.727 113.023 116.774C113.068 116.799 113.107 116.832 113.147 116.864C113.207 116.91 113.264 116.963 113.321 117.014C113.377 117.065 113.436 117.113 113.508 117.145C113.531 117.155 113.552 117.172 113.566 117.194C113.588 117.23 113.593 117.283 113.622 117.309C113.648 117.333 113.711 117.317 113.734 117.346C113.829 117.463 113.968 117.529 114.071 117.634C114.156 117.726 114.283 117.781 114.335 117.905C114.352 117.944 114.401 117.957 114.436 117.983C114.459 118.001 114.493 118.013 114.502 118.043C114.526 118.132 114.591 118.187 114.652 118.249C114.682 118.279 114.712 118.312 114.716 118.358C114.727 118.469 114.819 118.51 114.901 118.563C114.927 118.58 114.967 118.589 114.976 118.616C115.017 118.747 115.15 118.814 115.21 118.93C115.256 119.015 115.324 119.089 115.32 119.201C115.32 119.238 115.352 119.26 115.364 119.292C115.382 119.333 115.432 119.359 115.405 119.426C115.399 119.44 115.403 119.456 115.413 119.462C115.56 119.555 115.641 119.695 115.801 119.787C115.938 119.869 116.015 119.997 116.092 120.12C116.116 120.158 116.172 120.18 116.155 120.241C116.149 120.261 116.188 120.269 116.204 120.284C116.241 120.321 116.303 120.353 116.305 120.403C116.306 120.49 116.364 120.546 116.401 120.612C116.436 120.677 116.47 120.74 116.485 120.814C116.504 120.903 116.555 120.979 116.591 121.061C116.6 121.082 116.612 121.1 116.61 121.122C116.607 121.171 116.545 121.227 116.459 121.259C116.419 121.273 116.377 121.285 116.336 121.298C116.231 121.328 116.204 121.325 116.182 121.279C116.167 121.244 116.154 121.21 116.139 121.174Z" fill="white"/>
<path d="M140.039 101.07C139.986 101.199 139.882 101.302 139.833 101.434C139.768 101.607 139.667 101.764 139.581 101.927C139.575 101.938 139.577 101.957 139.567 101.96C139.448 101.999 139.459 102.107 139.423 102.196C139.355 102.354 139.352 102.542 139.253 102.688C139.153 102.831 139.074 102.987 138.983 103.136C138.933 103.223 138.874 103.303 138.838 103.398C138.749 103.626 138.61 103.823 138.446 104.002C138.236 104.232 138.021 104.46 137.798 104.686C137.553 104.935 137.28 105.157 136.99 105.354C136.959 105.377 136.92 105.387 136.882 105.401C136.858 105.411 136.825 105.411 136.81 105.432C136.689 105.602 136.46 105.56 136.314 105.678C136.213 105.655 136.161 105.715 136.099 105.782C136.051 105.835 135.975 105.849 135.909 105.875C135.874 105.89 135.83 105.89 135.802 105.914C135.689 106.022 135.529 106.018 135.403 106.1C135.314 106.071 135.248 106.123 135.175 106.146C135.095 106.173 135.015 106.195 134.931 106.203C134.797 106.222 134.663 106.225 134.529 106.229C134.479 106.231 134.426 106.224 134.378 106.238C134.067 106.33 133.742 106.36 133.419 106.373C133.343 106.375 133.268 106.385 133.192 106.386C133.065 106.391 132.938 106.379 132.811 106.378C132.703 106.378 132.595 106.356 132.489 106.369C132.228 106.395 131.969 106.372 131.711 106.343C131.613 106.33 131.517 106.317 131.42 106.3C131.325 106.28 131.23 106.255 131.137 106.225C131.047 106.195 130.954 106.185 130.859 106.18C130.781 106.178 130.711 106.162 130.647 106.107C130.592 106.059 130.531 106.049 130.451 106.075C130.387 106.094 130.316 106.057 130.253 106.031C130.084 105.963 129.92 105.882 129.757 105.802C129.74 105.793 129.723 105.786 129.704 105.784C129.39 105.767 129.112 105.63 128.828 105.519C128.671 105.458 128.512 105.397 128.35 105.345C128.238 105.312 128.147 105.244 128.059 105.171C128.012 105.131 128.015 105.076 128.068 105.005C128.104 104.958 128.144 104.915 128.185 104.874C128.201 104.859 128.228 104.846 128.242 104.85C128.322 104.879 128.417 104.86 128.471 104.949C128.539 105.057 128.646 105.103 128.768 105.119C128.866 105.131 128.958 105.165 129.062 105.155C129.098 105.151 129.135 105.167 129.161 105.19C129.311 105.331 129.497 105.388 129.698 105.393C129.749 105.393 129.792 105.406 129.834 105.436C129.908 105.489 129.993 105.524 130.077 105.561C130.093 105.568 130.114 105.571 130.132 105.564C130.218 105.532 130.293 105.54 130.355 105.609C130.363 105.617 130.376 105.623 130.388 105.62C130.525 105.599 130.63 105.684 130.752 105.714C130.892 105.753 131.04 105.748 131.183 105.77C131.236 105.776 131.287 105.797 131.338 105.81C131.438 105.838 131.537 105.862 131.638 105.882C131.716 105.898 131.795 105.903 131.87 105.927C131.919 105.944 131.958 106.019 132.007 106.025C132.055 106.031 132.11 105.98 132.162 105.96C132.185 105.951 132.211 105.959 132.234 105.966C132.364 106.015 132.498 106.012 132.631 106.012C132.698 106.012 132.765 106.023 132.832 106.025C132.989 106.035 133.147 106.025 133.305 106.045C133.454 106.065 133.591 105.992 133.735 105.987C133.874 105.977 134.011 105.947 134.148 105.918C134.218 105.904 134.292 105.9 134.364 105.887C134.578 105.852 134.803 105.843 135.005 105.747C135.038 105.731 135.074 105.721 135.111 105.72C135.17 105.715 135.235 105.735 135.29 105.718C135.34 105.701 135.375 105.633 135.425 105.623C135.532 105.602 135.63 105.557 135.725 105.508C135.821 105.462 135.913 105.409 136.01 105.364C136.177 105.292 136.312 105.165 136.491 105.115C136.547 105.098 136.587 105.043 136.635 105.005C136.669 104.981 136.698 104.942 136.737 104.932C136.858 104.897 136.954 104.824 137.047 104.745C137.093 104.707 137.143 104.666 137.203 104.653C137.345 104.617 137.421 104.5 137.494 104.389C137.517 104.353 137.532 104.304 137.566 104.284C137.651 104.239 137.715 104.172 137.772 104.098C137.831 104.026 137.885 103.95 137.952 103.888C138.055 103.797 138.128 103.679 138.263 103.617C138.307 103.596 138.328 103.545 138.363 103.512C138.412 103.467 138.426 103.393 138.511 103.378C138.53 103.375 138.546 103.359 138.551 103.344C138.625 103.119 138.751 102.927 138.793 102.69C138.828 102.483 138.93 102.305 139.019 102.123C139.048 102.066 139.042 101.993 139.111 101.957C139.135 101.945 139.124 101.899 139.132 101.872C139.152 101.803 139.15 101.715 139.199 101.667C139.283 101.588 139.309 101.482 139.355 101.384C139.398 101.29 139.441 101.198 139.503 101.115C139.579 101.012 139.621 100.888 139.68 100.775C139.693 100.747 139.706 100.719 139.728 100.697C139.775 100.651 139.865 100.651 139.945 100.697C139.983 100.719 140.017 100.744 140.052 100.769C140.141 100.834 140.153 100.863 140.121 100.929C140.096 100.979 140.071 101.027 140.045 101.076L140.039 101.07Z" fill="white"/>
<path d="M150.002 86.3473C150.094 86.4078 150.1 86.5187 150.143 86.5979C150.199 86.7102 150.192 86.8369 150.188 86.955C150.188 86.9637 150.198 86.9737 150.189 86.9795C150.1 87.0299 150.156 87.0904 150.155 87.1552C150.155 87.2689 150.206 87.3957 150.165 87.4965C150.123 87.5958 150.106 87.7053 150.08 87.8118C150.062 87.8709 150.041 87.9299 150.042 87.9961C150.045 88.1545 150.008 88.3014 149.936 88.4325C149.848 88.6038 149.774 88.7809 149.702 88.9609C149.665 89.0617 149.623 89.1597 149.58 89.2576L149.433 89.5427C149.423 89.5643 149.4 89.5773 149.383 89.5945C149.371 89.6061 149.348 89.6118 149.35 89.6291C149.36 89.7731 149.175 89.7846 149.145 89.8998C149.066 89.9041 149.067 89.9603 149.066 90.0222C149.066 90.0712 149.027 90.1 149.001 90.1345C148.987 90.1533 148.958 90.1619 148.955 90.1878C148.945 90.2915 148.847 90.3318 148.818 90.4225C148.748 90.4254 148.742 90.4816 148.712 90.5205C148.68 90.5608 148.646 90.5997 148.604 90.6299C148.536 90.6803 148.463 90.7235 148.392 90.7696C148.365 90.7869 148.33 90.7969 148.314 90.8243C148.202 90.9913 148.055 91.1281 147.904 91.2592C147.868 91.2894 147.838 91.3254 147.802 91.3557L147.617 91.5025C147.567 91.5457 147.506 91.5789 147.465 91.6307C147.362 91.7574 147.243 91.8654 147.113 91.9619C147.015 92.0353 146.917 92.1059 146.802 92.1548C146.749 92.1793 146.704 92.2182 146.664 92.2614C146.631 92.2974 146.593 92.3233 146.534 92.3161C146.483 92.3104 146.452 92.3349 146.439 92.3953C146.428 92.4443 146.378 92.4558 146.339 92.4717C146.229 92.5105 146.118 92.5422 146.009 92.5753C145.997 92.5782 145.986 92.5825 145.979 92.5926C145.856 92.7611 145.668 92.8173 145.502 92.9109C145.41 92.9627 145.315 93.0102 145.227 93.075C145.166 93.1182 145.096 93.1297 145.021 93.1326C144.981 93.1326 144.949 93.0923 144.925 93.0088C144.909 92.9526 144.897 92.895 144.886 92.8403C144.881 92.8187 144.883 92.7913 144.891 92.787C144.935 92.7582 144.956 92.6833 145.028 92.7136C145.118 92.751 145.181 92.7193 145.233 92.6574C145.274 92.6085 145.326 92.5768 145.355 92.5077C145.365 92.4832 145.387 92.4717 145.411 92.4745C145.55 92.4861 145.653 92.4256 145.727 92.3133C145.744 92.2859 145.768 92.2701 145.802 92.2672C145.862 92.2629 145.914 92.2398 145.969 92.2225C145.979 92.2197 145.989 92.2096 145.99 92.1952C146.002 92.1246 146.032 92.0886 146.101 92.1088C146.11 92.1117 146.118 92.1088 146.121 92.1001C146.156 92.008 146.249 92.0137 146.316 91.9734C146.392 91.9259 146.451 91.8553 146.519 91.7963C146.543 91.7733 146.578 91.7646 146.606 91.7488L146.775 91.6552C146.817 91.6307 146.853 91.5947 146.902 91.5803C146.935 91.5717 147 91.6077 147.024 91.5889C147.049 91.5702 147.037 91.5069 147.046 91.4694C147.05 91.4536 147.066 91.4464 147.08 91.4421C147.168 91.419 147.226 91.36 147.289 91.3053C147.321 91.2793 147.355 91.2549 147.39 91.2304C147.468 91.1713 147.537 91.1008 147.629 91.0561C147.717 91.0158 147.737 90.9107 147.806 90.8531C147.872 90.7969 147.921 90.7235 147.98 90.6601C148.012 90.627 148.046 90.5982 148.077 90.5651C148.172 90.4686 148.296 90.3952 148.356 90.2685C148.366 90.2483 148.382 90.2296 148.402 90.2181C148.435 90.1993 148.484 90.1936 148.507 90.1677C148.529 90.1432 148.507 90.0827 148.533 90.0625C148.637 89.9747 148.68 89.8408 148.755 89.7328C148.821 89.6421 148.846 89.524 148.944 89.4534C148.974 89.4304 148.97 89.3814 148.982 89.3469C148.991 89.3209 148.993 89.2893 149.016 89.2749C149.088 89.2317 149.114 89.1597 149.147 89.092C149.162 89.0589 149.181 89.0229 149.217 89.0041C149.308 88.9595 149.306 88.8659 149.314 88.7781C149.315 88.7493 149.304 88.7133 149.324 88.696C149.42 88.6153 149.403 88.4771 149.463 88.3806C149.508 88.3086 149.527 88.2222 149.62 88.1733C149.652 88.1574 149.648 88.12 149.665 88.0941C149.688 88.0595 149.674 88.0077 149.741 87.9947C149.756 87.9918 149.764 87.9803 149.763 87.9688C149.743 87.8104 149.793 87.6779 149.743 87.5152C149.7 87.3784 149.738 87.2459 149.756 87.1393C149.76 87.1091 149.724 87.0717 149.772 87.0486C149.786 87.0414 149.759 87.0184 149.754 87.004C149.741 86.968 149.701 86.9305 149.723 86.9032C149.759 86.8557 149.73 86.8096 149.717 86.775C149.707 86.739 149.692 86.7174 149.701 86.6973C149.702 86.6929 149.704 86.6857 149.704 86.6857C149.704 86.6857 149.723 86.6685 149.726 86.6685C149.734 86.6641 149.75 86.6454 149.753 86.6425C149.753 86.6425 149.761 86.631 149.757 86.6368C149.753 86.644 149.753 86.6469 149.75 86.6541C149.746 86.6627 149.744 86.6699 149.743 86.6771C149.746 86.667 149.747 86.6555 149.75 86.6425C149.756 86.608 149.762 86.5662 149.769 86.5201C149.776 86.4784 149.786 86.4366 149.796 86.3963C149.825 86.2926 149.845 86.2696 149.897 86.2854C149.916 86.2926 149.934 86.3013 149.952 86.3113L150.001 86.3473H150.002Z" fill="white"/>
<path d="M143.142 90.7624C143.036 90.7725 142.932 90.7235 142.822 90.7394C142.683 90.7523 142.542 90.7523 142.402 90.7639C142.393 90.7639 142.382 90.7754 142.375 90.7682C142.3 90.6875 142.235 90.7552 142.164 90.771C142.1 90.7854 142.039 90.8171 141.98 90.8474C141.92 90.8819 141.86 90.9122 141.796 90.9179C141.668 90.9295 141.542 90.9669 141.417 90.9957C141.345 91.0101 141.273 91.0288 141.21 91.072C141.056 91.1743 140.894 91.2261 140.724 91.2621C140.511 91.3211 140.301 91.3989 140.099 91.491C139.883 91.6106 139.664 91.7157 139.45 91.828C139.427 91.8424 139.398 91.8438 139.371 91.851C139.353 91.8554 139.329 91.851 139.319 91.8669C139.24 92.0008 139.064 91.9346 138.966 92.0282C138.885 91.9994 138.852 92.0498 138.822 92.1117C138.796 92.1592 138.744 92.1736 138.703 92.1995C138.679 92.2139 138.646 92.2139 138.632 92.2384C138.576 92.3392 138.459 92.3493 138.392 92.4299C138.317 92.4112 138.286 92.4674 138.243 92.5019C138.197 92.5379 138.15 92.5725 138.096 92.597C138.01 92.6373 137.919 92.6704 137.828 92.7078C137.794 92.7222 137.754 92.728 137.728 92.7525C137.571 92.9267 137.391 93.0693 137.205 93.2104C137.163 93.245 137.13 93.2896 137.09 93.3256L136.885 93.507C136.828 93.5589 136.763 93.6064 136.72 93.6698C136.623 93.8339 136.505 93.9765 136.386 94.119C136.291 94.2242 136.216 94.3408 136.109 94.4373C136.059 94.4834 136.027 94.5467 136 94.6087C135.977 94.6605 135.948 94.7023 135.886 94.7253C135.83 94.7455 135.812 94.7886 135.824 94.8549C135.833 94.9096 135.789 94.9485 135.756 94.9859C135.671 95.0867 135.579 95.1861 135.49 95.2869C135.48 95.297 135.473 95.3085 135.471 95.3229C135.448 95.5605 135.329 95.7463 135.241 95.9507C135.202 96.0674 135.169 96.1869 135.147 96.3078C135.133 96.3914 135.088 96.4591 135.035 96.5267C135.006 96.5627 134.951 96.5642 134.872 96.5267C134.819 96.5023 134.77 96.4735 134.722 96.4432C134.705 96.4317 134.686 96.4101 134.689 96.3986C134.704 96.3352 134.668 96.2575 134.745 96.2114C134.84 96.1552 134.868 96.0717 134.866 95.9723C134.866 95.8931 134.884 95.8168 134.872 95.7333C134.868 95.7045 134.881 95.6742 134.904 95.6555C135.036 95.5475 135.091 95.4093 135.101 95.2437C135.104 95.2034 135.118 95.1688 135.149 95.14C135.205 95.0911 135.249 95.032 135.296 94.9773C135.304 94.9672 135.31 94.9514 135.306 94.9355C135.287 94.8578 135.306 94.7973 135.38 94.7714C135.391 94.7685 135.398 94.7584 135.398 94.7483C135.399 94.6331 135.496 94.5741 135.553 94.4935C135.621 94.4013 135.664 94.2918 135.723 94.1925C135.745 94.155 135.781 94.1277 135.808 94.096C135.864 94.0355 135.915 93.9722 135.972 93.9146C136.017 93.8699 136.052 93.8167 136.105 93.7821C136.139 93.7591 136.217 93.7763 136.243 93.7475C136.269 93.7187 136.25 93.6539 136.259 93.6078C136.262 93.5877 136.279 93.5747 136.296 93.5661C136.393 93.5114 136.452 93.425 136.527 93.3515C136.563 93.3141 136.606 93.2824 136.646 93.2478C136.74 93.1672 136.825 93.0765 136.93 93.0117C137.029 92.9512 137.078 92.8418 137.169 92.7741C137.257 92.7107 137.33 92.6258 137.411 92.5538C137.453 92.5149 137.5 92.4832 137.548 92.453C137.692 92.3594 137.854 92.296 137.97 92.1635C137.988 92.1419 138.014 92.1261 138.04 92.116C138.083 92.1002 138.142 92.1102 138.18 92.0872C138.214 92.067 138.222 92.0008 138.259 91.985C138.415 91.9202 138.53 91.7906 138.672 91.7085C138.799 91.6466 138.901 91.5386 139.047 91.5112C139.093 91.5026 139.123 91.455 139.162 91.4262C139.189 91.4061 139.212 91.3744 139.245 91.3715C139.348 91.3658 139.428 91.3182 139.513 91.2736C139.555 91.252 139.6 91.229 139.65 91.2333C139.77 91.2477 139.844 91.1656 139.927 91.0922C139.954 91.0706 139.977 91.0346 140.009 91.0331C140.163 91.0288 140.279 90.9136 140.423 90.8819C140.477 90.8704 140.527 90.8503 140.58 90.8373C140.635 90.8287 140.69 90.8258 140.75 90.8445C140.789 90.856 140.825 90.8315 140.863 90.8287C140.914 90.8243 140.959 90.7811 141.02 90.8258C141.032 90.8358 141.05 90.8358 141.061 90.8258C141.138 90.7682 141.22 90.7235 141.303 90.6861C141.387 90.6501 141.472 90.6127 141.552 90.5522C141.693 90.4485 141.86 90.4067 142.023 90.3822C142.074 90.375 142.121 90.3304 142.179 90.3693C142.197 90.3822 142.223 90.3491 142.246 90.3405C142.303 90.3203 142.363 90.2728 142.418 90.2901C142.51 90.3189 142.595 90.2858 142.684 90.2757C142.768 90.2714 142.851 90.2699 142.936 90.2887C143.038 90.3117 143.145 90.2959 143.249 90.2987C143.273 90.2987 143.299 90.2973 143.322 90.3074C143.371 90.3304 143.398 90.4111 143.387 90.5018C143.383 90.545 143.372 90.5867 143.364 90.6285C143.342 90.7365 143.325 90.7595 143.269 90.7595C143.227 90.7595 143.185 90.7567 143.142 90.7552V90.7624Z" fill="white"/>
<path d="M127.902 62.4209C127.894 62.4337 127.888 62.4472 127.882 62.4618C127.824 62.4673 127.805 62.5043 127.786 62.5413C127.78 62.553 127.774 62.5648 127.767 62.5756C127.734 62.6231 127.699 62.6706 127.658 62.711L127.443 62.9039C127.435 62.9108 127.427 62.9173 127.419 62.9238C127.397 62.9406 127.376 62.9574 127.365 62.9802C127.318 63.0868 127.263 63.189 127.202 63.2855C127.145 63.3848 127.083 63.4827 127.021 63.5805C127.007 63.6043 126.995 63.629 126.984 63.6534C126.972 63.6779 126.96 63.7024 126.946 63.7262C126.928 63.7582 126.909 63.7895 126.89 63.8209C126.861 63.8671 126.833 63.9134 126.808 63.9623C126.799 63.98 126.788 63.9976 126.778 64.0152C126.75 64.0652 126.721 64.1158 126.706 64.1711C126.672 64.313 126.62 64.4447 126.568 64.5773C126.552 64.6184 126.536 64.6595 126.52 64.701C126.512 64.7215 126.503 64.742 126.495 64.7624C126.451 64.8732 126.407 64.9837 126.341 65.087C126.305 65.1446 126.294 65.2151 126.285 65.2842C126.278 65.3404 126.264 65.3908 126.209 65.4297C126.161 65.4642 126.153 65.5103 126.18 65.5722C126.199 65.6157 126.176 65.658 126.154 65.6974C126.151 65.7038 126.147 65.7101 126.144 65.7162C126.114 65.776 126.084 65.8361 126.053 65.8962C126.023 65.9564 125.993 66.0165 125.963 66.0762C125.957 66.0892 125.951 66.1022 125.953 66.1166C125.969 66.2913 125.93 66.4527 125.892 66.6146C125.878 66.6715 125.864 66.7285 125.853 66.7862C125.832 66.9086 125.814 67.0324 125.813 67.1591C125.813 67.2455 125.78 67.3218 125.738 67.3967C125.715 67.4385 125.663 67.4457 125.578 67.4183C125.522 67.401 125.469 67.378 125.418 67.355C125.398 67.3463 125.378 67.3276 125.378 67.3161C125.379 67.2965 125.375 67.2765 125.371 67.2564C125.363 67.2099 125.354 67.1633 125.402 67.1231C125.486 67.054 125.502 66.9676 125.485 66.8711C125.48 66.8435 125.478 66.8162 125.477 66.7888C125.474 66.7394 125.47 66.6898 125.45 66.6378C125.438 66.6105 125.446 66.5788 125.464 66.5572C125.57 66.4276 125.594 66.2807 125.572 66.1209C125.567 66.0806 125.574 66.046 125.598 66.0114C125.631 65.9657 125.654 65.9167 125.677 65.8674C125.684 65.8516 125.691 65.8357 125.699 65.8199C125.705 65.807 125.706 65.7911 125.699 65.7767C125.662 65.7062 125.662 65.6442 125.729 65.601C125.738 65.5953 125.742 65.5852 125.739 65.5751C125.722 65.4993 125.755 65.4389 125.787 65.3789C125.802 65.3511 125.817 65.3234 125.827 65.2943C125.851 65.2284 125.864 65.1586 125.876 65.0887C125.884 65.0456 125.892 65.0025 125.902 64.9602C125.91 64.9329 125.924 64.9076 125.939 64.8824C125.946 64.8705 125.952 64.8585 125.958 64.8465L126.066 64.629C126.075 64.6111 126.083 64.5925 126.091 64.5738C126.107 64.5352 126.123 64.4964 126.15 64.4634C126.162 64.4478 126.186 64.4383 126.21 64.429C126.236 64.4185 126.262 64.4083 126.269 64.39C126.278 64.3685 126.268 64.3387 126.258 64.3081C126.252 64.2895 126.246 64.2706 126.243 64.2532C126.241 64.233 126.254 64.2158 126.268 64.2028C126.33 64.1384 126.363 64.0607 126.397 63.9828C126.405 63.9649 126.412 63.947 126.421 63.9292C126.435 63.8967 126.454 63.8661 126.473 63.8358C126.482 63.8218 126.49 63.8079 126.498 63.7938C126.508 63.7774 126.517 63.7609 126.526 63.7445C126.577 63.6539 126.627 63.5632 126.696 63.4828C126.738 63.434 126.759 63.375 126.779 63.3161C126.796 63.269 126.812 63.222 126.84 63.1804C126.878 63.1218 126.911 63.0596 126.944 62.9976C126.962 62.9637 126.981 62.9298 126.999 62.8967C127.028 62.8478 127.061 62.8017 127.096 62.757C127.108 62.7405 127.121 62.7243 127.133 62.7083C127.39 62.6108 127.647 62.5146 127.902 62.4209Z" fill="white"/>
<path d="M136.593 68.7606C136.515 68.7634 136.443 68.7073 136.363 68.7274C136.26 68.7519 136.158 68.7289 136.057 68.7476C136.05 68.7476 136.043 68.7591 136.037 68.7519C135.98 68.6727 135.933 68.7418 135.884 68.7577C135.792 68.7937 135.726 68.9074 135.635 68.9175C135.545 68.9319 135.463 68.9809 135.379 69.0169C135.332 69.0356 135.284 69.0629 135.247 69.1047C135.202 69.158 135.154 69.1969 135.104 69.2314C135.055 69.2689 135.002 69.2991 134.947 69.325C134.875 69.3553 134.807 69.3985 134.743 69.4431C134.676 69.4877 134.613 69.5338 134.557 69.5929C134.43 69.7153 134.3 69.8334 134.177 69.9572C134.164 69.9716 134.141 69.9759 134.122 69.9831C134.11 69.9889 134.089 69.986 134.086 70.0004C134.071 70.1257 133.906 70.0796 133.866 70.1775C133.792 70.1602 133.788 70.2121 133.782 70.2668C133.778 70.31 133.737 70.3244 133.713 70.3517C133.7 70.3661 133.673 70.369 133.67 70.3921C133.66 70.4842 133.569 70.5044 133.543 70.5807C133.477 70.5721 133.472 70.6239 133.448 70.6556C133.421 70.6887 133.393 70.7218 133.356 70.7463C133.295 70.7837 133.233 70.8241 133.172 70.8629C133.148 70.8773 133.117 70.8874 133.104 70.9105C133.023 71.0646 132.914 71.1942 132.803 71.3281C132.777 71.3598 132.758 71.3958 132.734 71.4274C132.692 71.4807 132.646 71.5311 132.606 71.5858C132.571 71.6319 132.528 71.6737 132.509 71.7284C132.464 71.8637 132.394 71.979 132.328 72.0985C132.279 72.1892 132.228 72.277 132.156 72.3562C132.122 72.3937 132.11 72.4441 132.102 72.493C132.096 72.5348 132.08 72.5679 132.03 72.5881C131.985 72.6053 131.976 72.6385 132.002 72.6889C132.022 72.7306 131.991 72.7594 131.971 72.7897C131.916 72.8689 131.858 72.9481 131.805 73.0302C131.799 73.0388 131.795 73.0474 131.796 73.0589C131.829 73.2346 131.765 73.3772 131.747 73.5342C131.734 73.6206 131.737 73.7069 131.752 73.7933C131.762 73.8524 131.744 73.9057 131.714 73.9618C131.698 73.9921 131.648 74.0036 131.56 73.9949C131.503 73.9892 131.445 73.9791 131.392 73.9676C131.372 73.9633 131.347 73.9517 131.346 73.9431C131.338 73.8956 131.281 73.8438 131.34 73.7962C131.415 73.7372 131.419 73.6738 131.39 73.6018C131.369 73.5428 131.374 73.4866 131.335 73.4233C131.323 73.4017 131.325 73.3772 131.343 73.3599C131.439 73.262 131.452 73.154 131.425 73.0273C131.418 72.9956 131.423 72.9682 131.446 72.9452C131.488 72.9034 131.511 72.8545 131.539 72.8069C131.544 72.7983 131.544 72.7854 131.537 72.7738C131.5 72.7148 131.501 72.6658 131.566 72.6413C131.575 72.6385 131.579 72.6298 131.576 72.6226C131.549 72.5305 131.632 72.4844 131.662 72.4182C131.7 72.3418 131.71 72.2526 131.739 72.1719C131.75 72.1417 131.776 72.1201 131.795 72.0927L131.903 71.9444C131.93 71.9069 131.945 71.8609 131.984 71.8321C132.009 71.8119 132.083 71.8249 132.099 71.8018C132.115 71.7774 132.08 71.7255 132.076 71.6866C132.074 71.6708 132.086 71.6593 132.099 71.6521C132.172 71.6074 132.204 71.5369 132.246 71.4706C132.266 71.4375 132.293 71.4102 132.319 71.3799C132.378 71.3108 132.426 71.2316 132.5 71.1754C132.571 71.1236 132.571 71.0228 132.629 70.9623C132.685 70.9033 132.719 70.8284 132.765 70.7636C132.791 70.7305 132.822 70.7002 132.85 70.67C132.935 70.5764 133.049 70.5087 133.105 70.3906C133.114 70.3705 133.13 70.3561 133.15 70.346C133.182 70.3301 133.229 70.3302 133.252 70.3071C133.274 70.2855 133.256 70.2279 133.281 70.2106C133.385 70.1401 133.432 70.0162 133.524 69.9342C133.599 69.8636 133.642 69.7556 133.75 69.7167C133.784 69.7052 133.792 69.6591 133.814 69.6303C133.828 69.6101 133.837 69.5799 133.863 69.5742C133.94 69.5583 133.987 69.505 134.037 69.4546C134.061 69.4301 134.089 69.4028 134.129 69.4028C134.226 69.4028 134.26 69.325 134.302 69.2502C134.315 69.2271 134.321 69.1897 134.344 69.1839C134.457 69.158 134.515 69.0442 134.616 68.9967C134.689 68.9636 134.757 68.9118 134.855 68.9305C134.887 68.9377 134.907 68.9089 134.934 68.9017C134.97 68.8901 134.996 68.8484 135.052 68.8858C135.064 68.8945 135.078 68.893 135.084 68.8844C135.128 68.8239 135.182 68.7793 135.236 68.7317C135.293 68.69 135.35 68.6454 135.401 68.5791C135.49 68.4582 135.622 68.4293 135.746 68.3876C135.785 68.3746 135.818 68.3257 135.867 68.3646C135.883 68.3761 135.9 68.3429 135.919 68.3343C135.962 68.3127 136.01 68.2637 136.054 68.2796C136.129 68.3041 136.197 68.2767 136.269 68.2724C136.337 68.2666 136.404 68.2623 136.472 68.281C136.553 68.3055 136.639 68.3012 136.723 68.3098C136.743 68.3127 136.763 68.3113 136.78 68.3242C136.818 68.3502 136.828 68.4322 136.807 68.5215C136.799 68.5633 136.786 68.605 136.773 68.6453C136.743 68.7505 136.727 68.7735 136.687 68.7692C136.656 68.7663 136.626 68.7606 136.596 68.7562L136.593 68.7606Z" fill="white"/>
<path d="M135.655 78.4647C135.7 78.5569 135.696 78.6649 135.74 78.7585C135.801 78.8795 135.828 79.0119 135.866 79.1415C135.868 79.1502 135.88 79.1588 135.874 79.166C135.808 79.2524 135.886 79.2985 135.913 79.3633C135.965 79.4785 136.082 79.575 136.097 79.7031C136.115 79.8284 136.158 79.9494 136.185 80.0732C136.202 80.1438 136.214 80.2158 136.25 80.282C136.338 80.4433 136.364 80.6147 136.378 80.7889C136.384 81.0135 136.406 81.2367 136.431 81.4614C136.467 81.7091 136.466 81.9582 136.47 82.2073C136.47 82.2347 136.456 82.262 136.447 82.2894C136.442 82.3081 136.424 82.3268 136.433 82.3427C136.505 82.4838 136.355 82.6004 136.375 82.7343C136.305 82.7833 136.332 82.8409 136.358 82.9043C136.378 82.9547 136.358 83.0065 136.349 83.0555C136.345 83.0828 136.322 83.1087 136.331 83.1361C136.367 83.2484 136.298 83.3435 136.312 83.4529C136.25 83.4947 136.264 83.5566 136.254 83.6113C136.243 83.6703 136.228 83.7294 136.205 83.7841C136.168 83.8734 136.118 83.9598 136.069 84.0447C136.051 84.0779 136.022 84.1067 136.018 84.1427C136.005 84.2593 135.976 84.3731 135.939 84.4839C135.902 84.5948 135.863 84.7043 135.815 84.8123C135.792 84.8627 135.779 84.9159 135.758 84.9663C135.72 85.0499 135.683 85.1334 135.641 85.2155C135.606 85.286 135.566 85.3537 135.544 85.43C135.498 85.6158 135.413 85.7871 135.323 85.9542C135.254 86.0809 135.18 86.2047 135.078 86.3099C135.03 86.3603 135.002 86.4251 134.973 86.4899C134.95 86.5431 134.921 86.5878 134.858 86.6108C134.801 86.6295 134.777 86.6684 134.78 86.7375C134.783 86.7937 134.732 86.8283 134.693 86.8628C134.593 86.955 134.48 87.0356 134.371 87.1163C134.359 87.1249 134.348 87.1335 134.342 87.1465C134.243 87.3668 134.047 87.5022 133.867 87.6476C133.765 87.7268 133.665 87.8089 133.564 87.8939C133.498 87.9558 133.41 87.9774 133.324 87.9947C133.276 88.0033 133.239 87.9659 133.21 87.8823C133.191 87.8262 133.176 87.77 133.163 87.7153C133.157 87.6951 133.158 87.6663 133.167 87.6591C133.214 87.6217 133.235 87.5454 133.317 87.5627C133.416 87.5814 133.49 87.5367 133.537 87.4575C133.574 87.3942 133.631 87.3524 133.652 87.2718C133.659 87.2444 133.681 87.2271 133.707 87.2214C133.783 87.2084 133.847 87.1767 133.896 87.1278C133.946 87.0817 133.985 87.0227 134.011 86.9507C134.024 86.9161 134.045 86.8931 134.081 86.8772C134.145 86.8513 134.192 86.8052 134.246 86.7663C134.256 86.7591 134.263 86.7447 134.261 86.7303C134.254 86.654 134.274 86.6036 134.351 86.5935C134.361 86.5935 134.368 86.5849 134.369 86.5763C134.381 86.4711 134.477 86.4337 134.534 86.3631C134.594 86.2782 134.631 86.1803 134.678 86.0867C134.695 86.0521 134.726 86.0262 134.751 85.9974C134.797 85.9398 134.842 85.8793 134.885 85.8203C134.918 85.7742 134.937 85.7195 134.98 85.6791C135.007 85.6532 135.086 85.6561 135.104 85.6244C135.121 85.5927 135.086 85.5351 135.082 85.4919C135.081 85.4732 135.094 85.4588 135.107 85.4459C135.183 85.3767 135.216 85.2846 135.252 85.1953C135.269 85.1507 135.297 85.1089 135.32 85.0657C135.373 84.9649 135.408 84.854 135.477 84.759C135.543 84.6697 135.52 84.5531 135.562 84.4551C135.601 84.3615 135.621 84.2607 135.645 84.1628C135.658 84.111 135.677 84.062 135.694 84.0116C135.747 83.8619 135.828 83.7179 135.825 83.5537C135.825 83.5263 135.832 83.5004 135.847 83.4774C135.868 83.4399 135.916 83.4068 135.923 83.3665C135.932 83.3291 135.886 83.2801 135.899 83.2441C135.953 83.0958 135.933 82.9359 135.953 82.7833C135.972 82.6537 135.943 82.5183 135.994 82.3916C136.01 82.3513 135.986 82.3038 135.982 82.2606C135.979 82.2289 135.965 82.1958 135.981 82.1684C136.028 82.0835 136.012 81.9942 136.01 81.9063C136.008 81.8617 136.005 81.8156 136.031 81.7753C136.096 81.6788 136.047 81.5838 136.01 81.4887C135.998 81.4585 135.969 81.4268 135.978 81.3995C136.022 81.2627 135.94 81.1302 135.948 80.9963C135.953 80.8969 135.927 80.7975 135.978 80.6953C135.995 80.6622 135.975 80.6247 135.978 80.5902C135.981 80.5427 135.945 80.4966 135.997 80.4447C136.008 80.4332 136.01 80.4174 136.004 80.4059C135.903 80.2547 135.876 80.0905 135.755 79.9494C135.644 79.827 135.612 79.6844 135.565 79.5462C135.549 79.503 135.498 79.4713 135.529 79.4151C135.539 79.3979 135.503 79.3806 135.491 79.3633C135.462 79.3187 135.408 79.2783 135.416 79.2279C135.429 79.1444 135.379 79.0796 135.351 79.0091C135.324 78.9414 135.3 78.8751 135.294 78.8003C135.282 78.711 135.235 78.6318 135.205 78.5483C135.197 78.5281 135.187 78.5094 135.19 78.4863C135.196 78.4374 135.261 78.3841 135.347 78.3539C135.387 78.3395 135.429 78.3294 135.471 78.3193C135.578 78.2934 135.603 78.2977 135.624 78.3481C135.638 78.3855 135.65 78.4244 135.662 78.4619H135.655V78.4647Z" fill="white"/>
<path d="M123.993 81.1503C123.904 81.0683 123.857 80.9516 123.773 80.8638C123.659 80.7529 123.567 80.6219 123.479 80.4894C123.473 80.4807 123.457 80.475 123.459 80.4649C123.485 80.3526 123.388 80.3238 123.333 80.2633C123.234 80.1524 123.087 80.0775 123.014 79.9422C122.942 79.8111 122.864 79.6815 122.783 79.5548C122.737 79.4814 122.698 79.4051 122.642 79.3374C122.572 79.2582 122.514 79.1718 122.462 79.0811C122.41 78.9903 122.377 78.8924 122.343 78.7945C122.298 78.6678 122.253 78.5425 122.214 78.4143C122.176 78.2862 122.122 78.1623 122.081 78.0342C122.034 77.8931 121.987 77.7519 121.951 77.6065L121.856 77.1673C121.85 77.1342 121.86 77.0996 121.863 77.0665C121.865 77.0435 121.879 77.0175 121.867 77.0003C121.772 76.8462 121.89 76.6806 121.854 76.5236C121.916 76.4531 121.882 76.3897 121.846 76.3177C121.82 76.2615 121.83 76.1967 121.834 76.1348C121.834 76.1017 121.856 76.0671 121.844 76.0369C121.797 75.9087 121.853 75.7835 121.833 75.6553C121.895 75.5963 121.875 75.5257 121.883 75.458C121.892 75.386 121.902 75.314 121.922 75.2449C121.96 75.134 122.014 75.0275 122.06 74.9195C122.078 74.8791 122.106 74.8403 122.111 74.7985C122.154 74.5191 122.248 74.2499 122.366 73.9964C122.394 73.9374 122.415 73.874 122.443 73.815C122.492 73.7171 122.549 73.622 122.6 73.527C122.646 73.4463 122.7 73.3686 122.733 73.2822C122.812 73.0705 122.926 72.879 123.048 72.6932C123.139 72.5521 123.235 72.4153 123.356 72.2987C123.413 72.2425 123.453 72.1705 123.49 72.0999C123.521 72.0409 123.555 71.9905 123.624 71.9646C123.685 71.9415 123.713 71.8969 123.716 71.8235C123.718 71.763 123.774 71.7227 123.817 71.6823C123.929 71.5758 124.048 71.4764 124.164 71.3756C124.176 71.3655 124.189 71.354 124.194 71.3396C124.245 71.2158 124.317 71.1092 124.396 71.007C124.436 70.9566 124.478 70.9076 124.518 70.8587L124.585 70.7823C124.613 70.7492 124.644 70.719 124.674 70.6902C124.742 70.6268 124.814 70.5721 124.893 70.5217C124.972 70.4713 125.057 70.4238 125.171 70.3907C125.211 70.3806 125.251 70.3719 125.3 70.3719C125.325 70.3719 125.349 70.3719 125.372 70.3763C125.393 70.3806 125.413 70.3849 125.433 70.3907C125.512 70.418 125.584 70.4627 125.632 70.5275C125.683 70.6023 125.66 70.6643 125.593 70.7204C125.551 70.755 125.511 70.7895 125.472 70.8212C125.46 70.8313 125.44 70.8399 125.433 70.8327C125.39 70.7924 125.329 70.8371 125.286 70.7867C125.207 70.7233 125.099 70.7651 125.04 70.8443C124.991 70.9062 124.932 70.9595 124.922 71.0415C124.922 71.0559 124.916 71.0675 124.907 71.0761C124.897 71.0891 124.884 71.0991 124.871 71.1049C124.707 71.1841 124.609 71.318 124.549 71.4851C124.534 71.5268 124.51 71.5571 124.471 71.5815C124.402 71.6233 124.346 71.6795 124.288 71.7327C124.277 71.7428 124.268 71.7587 124.269 71.7759C124.272 71.8609 124.243 71.9199 124.161 71.9401C124.151 71.943 124.143 71.9516 124.14 71.9631C124.117 72.0841 124.007 72.1345 123.94 72.218C123.862 72.3159 123.81 72.4311 123.745 72.5377C123.721 72.5766 123.685 72.6068 123.653 72.6414C123.594 72.7076 123.538 72.7753 123.482 72.8444C123.44 72.8977 123.41 72.9596 123.358 73.0057C123.325 73.0359 123.243 73.0316 123.22 73.0676C123.197 73.1036 123.222 73.1684 123.22 73.2174C123.22 73.239 123.202 73.2548 123.186 73.2692C123.097 73.3484 123.045 73.4507 122.996 73.5543C122.97 73.6047 122.937 73.6523 122.907 73.7012C122.839 73.8179 122.785 73.9417 122.707 74.054C122.629 74.1591 122.644 74.2945 122.59 74.4054C122.547 74.5163 122.527 74.6358 122.494 74.751C122.475 74.81 122.453 74.8691 122.439 74.9295C122.392 75.1095 122.301 75.2838 122.318 75.4767C122.32 75.5084 122.314 75.5401 122.301 75.5689C122.281 75.615 122.237 75.6596 122.23 75.7071C122.223 75.7518 122.275 75.8036 122.265 75.8468C122.227 76.0283 122.261 76.2126 122.266 76.394C122.266 76.4718 122.279 76.5481 122.286 76.6244C122.297 76.7007 122.307 76.7771 122.292 76.8563C122.284 76.9067 122.317 76.9571 122.328 77.0075C122.337 77.0435 122.356 77.078 122.348 77.114C122.327 77.2206 122.358 77.3214 122.381 77.4222C122.393 77.4726 122.405 77.5259 122.39 77.5777C122.358 77.7015 122.428 77.8009 122.488 77.9003C122.507 77.9319 122.543 77.9607 122.541 77.9953C122.544 78.1609 122.659 78.2919 122.691 78.446C122.721 78.5583 122.782 78.6635 122.763 78.7931C122.757 78.8363 122.786 78.8723 122.798 78.9126C122.812 78.9673 122.865 79.0076 122.834 79.0796C122.826 79.0955 122.831 79.1142 122.842 79.1243C122.986 79.2697 123.083 79.4425 123.254 79.5635C123.4 79.6715 123.503 79.8111 123.6 79.9508C123.63 79.9955 123.693 80.0142 123.689 80.0819C123.689 80.1035 123.729 80.1107 123.749 80.1265C123.797 80.1654 123.868 80.1927 123.882 80.2489C123.904 80.3454 123.981 80.3987 124.04 80.4635C124.097 80.5268 124.151 80.5887 124.192 80.6665C124.242 80.7587 124.328 80.8249 124.397 80.9027C124.413 80.9214 124.433 80.9387 124.441 80.9617C124.458 81.0135 124.422 81.0927 124.353 81.1532C124.321 81.182 124.285 81.2065 124.251 81.231C124.161 81.2943 124.133 81.2972 124.089 81.2511C124.056 81.2166 124.027 81.1791 123.996 81.1431L123.993 81.1503Z" fill="white"/>
<path d="M116.878 90.9956C116.869 90.8746 116.923 90.758 116.907 90.6356C116.879 90.4786 116.89 90.3188 116.884 90.1604C116.884 90.1503 116.872 90.1374 116.879 90.1287C116.963 90.0452 116.888 89.9718 116.871 89.8926C116.835 89.7471 116.734 89.6204 116.722 89.4735C116.708 89.3281 116.668 89.187 116.635 89.0458C116.619 88.9652 116.596 88.8831 116.553 88.8111C116.445 88.6354 116.4 88.4497 116.344 88.261C116.311 88.1401 116.276 88.0191 116.239 87.8996C116.194 87.783 116.142 87.6678 116.087 87.554L115.998 87.3668L115.902 87.1839C115.837 87.0615 115.782 86.9362 115.712 86.8182C115.696 86.7922 115.693 86.7591 115.684 86.7303C115.678 86.7102 115.683 86.6828 115.666 86.6727C115.522 86.5806 115.589 86.3833 115.477 86.2767C115.498 86.1903 115.439 86.1558 115.376 86.1169C115.327 86.0866 115.31 86.0276 115.281 85.9786C115.265 85.9527 115.264 85.9153 115.238 85.8994C115.128 85.8346 115.105 85.7094 115.013 85.6345C115.025 85.5553 114.964 85.5193 114.928 85.4689C114.891 85.4142 114.848 85.3652 114.817 85.3062C114.767 85.2126 114.724 85.1118 114.676 85.0138C114.658 84.9764 114.649 84.9318 114.617 84.9058C114.416 84.7345 114.26 84.5257 114.077 84.3399C114.035 84.2953 113.988 84.2564 113.945 84.2118C113.877 84.1354 113.804 84.0634 113.729 83.9929C113.665 83.9338 113.606 83.8662 113.531 83.8215C113.35 83.7106 113.176 83.5969 113.009 83.4702C112.879 83.3794 112.748 83.2945 112.629 83.1879C112.571 83.139 112.499 83.1073 112.427 83.0842C112.366 83.0655 112.318 83.0382 112.282 82.9777C112.25 82.9244 112.202 82.9042 112.132 82.9201C112.074 82.933 112.027 82.8913 111.981 82.861C111.857 82.7833 111.733 82.7041 111.603 82.635C111.59 82.6278 111.576 82.622 111.56 82.622C111.304 82.6249 111.078 82.5471 110.837 82.5255C110.706 82.5154 110.572 82.5169 110.444 82.5428C110.401 82.5514 110.358 82.5529 110.314 82.5471C110.271 82.5457 110.228 82.5385 110.185 82.5284C110.137 82.5183 110.113 82.4694 110.114 82.3815C110.114 82.3225 110.122 82.2649 110.132 82.2102C110.136 82.1886 110.149 82.1626 110.162 82.1598C110.234 82.1439 110.303 82.0762 110.385 82.1324C110.484 82.1972 110.581 82.1986 110.689 82.167C110.775 82.1454 110.862 82.1482 110.952 82.1094C110.983 82.0964 111.02 82.1022 111.047 82.1194C111.209 82.2188 111.373 82.2476 111.559 82.2346C111.603 82.2332 111.644 82.2433 111.682 82.2706C111.752 82.3182 111.825 82.3556 111.897 82.393C111.911 82.4002 111.93 82.4031 111.946 82.3974C112.028 82.3714 112.097 82.3815 112.142 82.4578C112.148 82.4679 112.159 82.4737 112.171 82.4737C112.299 82.4665 112.378 82.5673 112.476 82.6206C112.59 82.6825 112.718 82.7199 112.834 82.7775C112.878 82.7991 112.914 82.8337 112.951 82.8639C113.025 82.9201 113.098 82.9777 113.17 83.0353C113.226 83.077 113.288 83.1145 113.333 83.1692C113.363 83.2052 113.354 83.2873 113.387 83.3132C113.422 83.3391 113.49 83.3204 113.54 83.329C113.562 83.3319 113.578 83.3506 113.59 83.3679C113.664 83.4658 113.756 83.5378 113.848 83.6127C113.894 83.6502 113.933 83.6948 113.975 83.7366C114.076 83.8316 114.179 83.9252 114.256 84.0433C114.328 84.1542 114.459 84.1974 114.539 84.2967C114.614 84.3946 114.708 84.4753 114.791 84.566C114.835 84.6135 114.874 84.6639 114.914 84.7143C115.026 84.8713 115.107 85.0498 115.255 85.1794C115.278 85.2025 115.295 85.2298 115.306 85.2615C115.323 85.3105 115.32 85.3724 115.347 85.4142C115.372 85.453 115.442 85.4617 115.462 85.5034C115.55 85.6705 115.681 85.8073 115.775 85.9686C115.814 86.0377 115.866 86.0996 115.91 86.1658C115.952 86.2335 115.99 86.3041 116.008 86.3847C116.02 86.4351 116.069 86.4711 116.1 86.5158C116.122 86.546 116.155 86.5748 116.159 86.6108C116.175 86.7217 116.226 86.8153 116.276 86.9103C116.301 86.9578 116.328 87.0082 116.325 87.063C116.322 87.1292 116.341 87.1825 116.373 87.2329C116.4 87.2833 116.439 87.3294 116.475 87.3769C116.498 87.4071 116.537 87.4345 116.541 87.4705C116.557 87.6418 116.684 87.7729 116.712 87.9356C116.737 88.0551 116.79 88.1703 116.763 88.2999C116.756 88.3417 116.779 88.3834 116.783 88.4266C116.787 88.4842 116.832 88.5361 116.787 88.6023C116.777 88.6167 116.779 88.6369 116.787 88.6484C116.846 88.7362 116.89 88.8284 116.933 88.9234C116.97 89.0185 117.01 89.1135 117.074 89.2057C117.129 89.2863 117.166 89.3727 117.193 89.462C117.216 89.5527 117.229 89.6449 117.245 89.737C117.255 89.7946 117.301 89.8465 117.264 89.9113C117.252 89.9314 117.286 89.9602 117.296 89.9862C117.32 90.0495 117.365 90.1172 117.346 90.1791C117.314 90.2828 117.343 90.3778 117.352 90.4772C117.359 90.5722 117.37 90.6658 117.347 90.7594C117.323 90.8746 117.336 90.9927 117.332 91.1094C117.332 91.1367 117.332 91.1655 117.322 91.1914C117.298 91.2476 117.216 91.2764 117.126 91.2663C117.082 91.2606 117.041 91.2519 116.999 91.2418C116.891 91.2174 116.868 91.2001 116.869 91.1367C116.869 91.0892 116.874 91.0417 116.877 90.9942H116.878V90.9956Z" fill="white"/>
<path d="M125.247 94.9283C125.155 94.839 125.086 94.7253 124.974 94.6547C124.835 94.5568 124.699 94.456 124.557 94.3609C124.547 94.3552 124.53 94.3552 124.529 94.3451C124.504 94.2256 124.393 94.2443 124.313 94.2112C124.238 94.1838 124.16 94.1694 124.079 94.1608C123.999 94.1536 123.921 94.1449 123.85 94.1104C123.714 94.0369 123.555 94.0168 123.407 93.9779C123.323 93.9534 123.234 93.9405 123.145 93.9477C122.932 93.9592 122.731 93.9534 122.528 93.9217C122.397 93.9117 122.265 93.9073 122.134 93.9059C122.003 93.9131 121.87 93.9289 121.741 93.9477L121.317 94.0369C121.179 94.0787 121.039 94.1089 120.906 94.1565C120.877 94.168 120.842 94.1651 120.811 94.1694C120.789 94.1723 120.762 94.1637 120.747 94.1781C120.687 94.2429 120.609 94.2443 120.533 94.2558C120.456 94.2659 120.377 94.2717 120.314 94.3192C120.227 94.2861 120.181 94.3393 120.137 94.4041C120.101 94.4531 120.04 94.4675 119.988 94.4949C119.961 94.5093 119.922 94.5093 119.903 94.5352C119.828 94.6389 119.705 94.6662 119.623 94.7569C119.539 94.744 119.504 94.8088 119.455 94.8505C119.402 94.8937 119.349 94.9369 119.288 94.9715C119.188 95.0233 119.095 95.0867 118.996 95.1443C118.959 95.1673 118.914 95.1832 118.888 95.2149C118.806 95.3272 118.72 95.4352 118.627 95.536C118.544 95.6454 118.455 95.7505 118.367 95.8571C118.329 95.9104 118.299 95.968 118.262 96.0213C118.198 96.1091 118.131 96.1955 118.077 96.292C118.03 96.3712 117.972 96.4475 117.942 96.5353C117.91 96.6448 117.871 96.7499 117.83 96.8536C117.787 96.9558 117.753 97.0638 117.713 97.1675C117.648 97.3245 117.609 97.4886 117.529 97.6413C117.493 97.7147 117.487 97.7997 117.481 97.8817C117.477 97.9494 117.465 98.0099 117.412 98.0661C117.369 98.115 117.365 98.1712 117.398 98.2403C117.425 98.295 117.395 98.3598 117.378 98.4174C117.331 98.5701 117.294 98.7256 117.251 98.8825C117.247 98.8984 117.245 98.9157 117.249 98.9329C117.287 99.0697 117.293 99.2037 117.297 99.3376C117.307 99.4715 117.304 99.6069 117.314 99.7393C117.334 99.8862 117.353 100.035 117.398 100.177C117.429 100.274 117.428 100.372 117.416 100.472C117.411 100.527 117.365 100.557 117.277 100.562C117.218 100.564 117.16 100.562 117.104 100.554C117.082 100.552 117.055 100.539 117.052 100.526C117.031 100.449 116.959 100.384 117 100.291C117.049 100.179 117.039 100.073 116.992 99.964C116.956 99.8776 116.937 99.784 116.887 99.6976C116.869 99.6688 116.868 99.6285 116.879 99.5953C116.912 99.5003 116.925 99.4081 116.923 99.316C116.923 99.2238 116.91 99.1317 116.881 99.0366C116.868 98.9905 116.866 98.9459 116.884 98.8984C116.914 98.8149 116.933 98.727 116.953 98.6421C116.957 98.6262 116.956 98.6061 116.946 98.5902C116.898 98.5139 116.887 98.4376 116.951 98.3699C116.96 98.3613 116.963 98.3469 116.96 98.3368C116.923 98.2072 116.997 98.0949 117.02 97.9768C117.055 97.8414 117.058 97.6974 117.081 97.5577C117.092 97.5073 117.12 97.4598 117.14 97.4109L117.252 97.1329C117.284 97.0638 117.304 96.9875 117.347 96.9241C117.376 96.8824 117.457 96.8665 117.474 96.8233C117.49 96.7801 117.46 96.7153 117.458 96.6621C117.458 96.639 117.473 96.6174 117.488 96.6001C117.579 96.5008 117.618 96.3784 117.681 96.2661C117.712 96.2099 117.749 96.1566 117.784 96.1033C117.86 95.9737 117.948 95.8485 118.05 95.739C118.145 95.6353 118.188 95.5014 118.278 95.3949L118.531 95.0838C118.577 95.032 118.625 94.9816 118.679 94.9369C118.759 94.8678 118.843 94.8059 118.924 94.7411C119.005 94.6763 119.091 94.6173 119.16 94.5366C119.183 94.5107 119.212 94.4891 119.245 94.4747C119.296 94.4502 119.362 94.4517 119.407 94.4243C119.448 94.3984 119.463 94.3264 119.507 94.3048C119.687 94.2083 119.85 94.0873 120.03 93.9909C120.191 93.9304 120.331 93.8094 120.511 93.7965C120.567 93.7921 120.616 93.7489 120.669 93.7245C120.707 93.7072 120.743 93.6784 120.783 93.6798C120.904 93.6841 121.015 93.651 121.127 93.6165C121.183 93.6021 121.243 93.5805 121.302 93.5992C121.438 93.6409 121.552 93.5805 121.675 93.5272C121.713 93.5113 121.754 93.484 121.793 93.4912C121.975 93.5257 122.154 93.4437 122.335 93.471C122.402 93.4782 122.469 93.4797 122.536 93.4869C122.602 93.4955 122.668 93.5171 122.729 93.556C122.769 93.5819 122.821 93.5718 122.865 93.5833C122.926 93.5992 122.998 93.5747 123.045 93.6467C123.055 93.6611 123.076 93.6697 123.091 93.6683C123.202 93.6539 123.315 93.6539 123.427 93.6582C123.538 93.6697 123.65 93.6784 123.771 93.6669C123.879 93.6525 123.979 93.6769 124.079 93.7029C124.179 93.7331 124.282 93.759 124.376 93.808C124.435 93.8353 124.51 93.8296 124.55 93.8987C124.563 93.9217 124.609 93.9117 124.639 93.9203C124.713 93.939 124.802 93.9462 124.848 94.0038C124.925 94.0974 125.031 94.1363 125.128 94.1968C125.214 94.2616 125.298 94.3278 125.37 94.4113C125.46 94.5078 125.56 94.5971 125.653 94.6936C125.675 94.7166 125.699 94.7382 125.712 94.767C125.741 94.8289 125.708 94.911 125.635 94.9657C125.6 94.9917 125.563 95.0147 125.527 95.0363C125.431 95.0939 125.401 95.0968 125.354 95.0478C125.318 95.0118 125.285 94.9729 125.25 94.9355L125.247 94.9283Z" fill="white"/>
<path d="M113.723 106.137C113.723 106.183 113.667 106.208 113.67 106.255C113.675 106.319 113.639 106.366 113.619 106.419C113.619 106.422 113.625 106.431 113.618 106.431C113.53 106.424 113.577 106.474 113.576 106.506C113.576 106.563 113.639 106.651 113.605 106.697C113.573 106.742 113.563 106.8 113.547 106.854C113.539 106.886 113.524 106.913 113.53 106.954C113.546 107.05 113.515 107.122 113.471 107.186C113.41 107.265 113.354 107.344 113.318 107.442C113.274 107.547 113.209 107.638 113.15 107.734C113.143 107.744 113.125 107.744 113.112 107.75C113.104 107.753 113.086 107.75 113.088 107.76C113.105 107.861 112.965 107.803 112.952 107.872C112.891 107.845 112.898 107.887 112.902 107.929C112.905 107.962 112.876 107.966 112.86 107.982C112.852 107.99 112.83 107.986 112.83 108.003C112.833 108.075 112.762 108.067 112.749 108.123C112.696 108.097 112.698 108.137 112.677 108.153C112.657 108.17 112.636 108.186 112.608 108.194C112.564 108.205 112.513 108.209 112.467 108.215C112.45 108.218 112.425 108.212 112.417 108.225C112.353 108.312 112.258 108.356 112.166 108.402C112.145 108.414 112.126 108.43 112.104 108.44L111.99 108.483C111.959 108.496 111.923 108.502 111.9 108.53C111.842 108.598 111.766 108.631 111.691 108.669C111.635 108.698 111.576 108.718 111.507 108.712C111.474 108.709 111.449 108.729 111.426 108.754C111.407 108.774 111.386 108.782 111.351 108.754C111.321 108.729 111.304 108.738 111.295 108.787C111.288 108.826 111.259 108.816 111.234 108.814C111.173 108.81 111.109 108.798 111.049 108.79C111.043 108.79 111.036 108.79 111.031 108.794C110.957 108.892 110.853 108.889 110.758 108.915C110.705 108.925 110.651 108.942 110.601 108.973C110.566 108.993 110.527 108.98 110.489 108.957C110.467 108.944 110.455 108.895 110.453 108.808C110.45 108.749 110.45 108.693 110.45 108.638C110.45 108.617 110.453 108.592 110.457 108.59C110.481 108.578 110.497 108.515 110.53 108.568C110.571 108.633 110.605 108.626 110.635 108.585C110.659 108.552 110.687 108.546 110.706 108.492C110.712 108.473 110.723 108.47 110.736 108.48C110.805 108.541 110.862 108.518 110.903 108.446C110.913 108.428 110.926 108.424 110.944 108.434C110.975 108.453 111.003 108.451 111.033 108.456C111.039 108.456 111.043 108.451 111.044 108.438C111.05 108.378 111.066 108.358 111.103 108.401C111.108 108.407 111.112 108.407 111.115 108.401C111.134 108.333 111.186 108.379 111.222 108.368C111.263 108.355 111.294 108.313 111.33 108.289C111.343 108.28 111.363 108.286 111.378 108.284C111.41 108.281 111.443 108.281 111.474 108.274C111.497 108.27 111.515 108.251 111.544 108.258C111.563 108.263 111.605 108.32 111.619 108.316C111.633 108.31 111.623 108.254 111.626 108.227C111.626 108.215 111.638 108.215 111.646 108.219C111.7 108.238 111.733 108.212 111.766 108.189C111.783 108.178 111.805 108.176 111.823 108.169C111.87 108.155 111.91 108.127 111.966 108.129C112.019 108.129 112.024 108.055 112.065 108.039C112.106 108.024 112.132 107.986 112.166 107.962C112.185 107.949 112.205 107.94 112.224 107.929C112.281 107.895 112.362 107.891 112.392 107.821C112.397 107.809 112.407 107.803 112.421 107.803C112.443 107.803 112.479 107.819 112.493 107.809C112.506 107.799 112.484 107.749 112.5 107.743C112.567 107.72 112.584 107.642 112.633 107.6C112.673 107.563 112.677 107.491 112.745 107.479C112.767 107.476 112.759 107.443 112.767 107.425C112.771 107.412 112.768 107.391 112.787 107.391C112.839 107.39 112.852 107.351 112.869 107.318C112.878 107.302 112.888 107.283 112.916 107.286C112.987 107.292 112.978 107.233 112.974 107.18C112.973 107.162 112.958 107.135 112.973 107.131C113.04 107.112 113.016 107.023 113.059 106.987C113.092 106.961 113.098 106.915 113.171 106.915C113.196 106.915 113.19 106.892 113.203 106.883C113.22 106.87 113.203 106.836 113.262 106.851C113.275 106.854 113.282 106.851 113.279 106.844C113.251 106.746 113.279 106.683 113.223 106.579C113.174 106.489 113.197 106.435 113.206 106.376C113.209 106.358 113.178 106.324 113.223 106.324C113.238 106.324 113.213 106.303 113.21 106.293C113.203 106.267 113.17 106.231 113.196 106.222C113.239 106.208 113.226 106.17 113.23 106.14C113.233 106.111 113.238 106.082 113.261 106.061C113.289 106.035 113.282 105.995 113.292 105.962C113.295 105.954 113.294 105.944 113.305 105.94C113.331 105.93 113.41 105.943 113.498 105.972C113.539 105.986 113.579 106 113.619 106.013C113.721 106.051 113.743 106.064 113.737 106.085C113.733 106.103 113.726 106.117 113.72 106.134L113.723 106.137Z" fill="white"/>
<path d="M115.88 106.538C115.972 106.598 115.978 106.709 116.021 106.788C116.077 106.9 116.07 107.027 116.066 107.145C116.066 107.154 116.076 107.164 116.067 107.17C115.978 107.22 116.034 107.281 116.033 107.345C116.033 107.459 116.084 107.586 116.043 107.687C116.001 107.786 115.984 107.895 115.958 108.002C115.94 108.061 115.919 108.12 115.92 108.186C115.923 108.345 115.886 108.492 115.814 108.623C115.726 108.794 115.652 108.971 115.58 109.151C115.543 109.252 115.501 109.35 115.458 109.448L115.311 109.733C115.301 109.754 115.278 109.767 115.261 109.785C115.249 109.796 115.226 109.802 115.228 109.819C115.238 109.963 115.053 109.975 115.023 110.09C114.944 110.094 114.945 110.15 114.944 110.212C114.944 110.261 114.905 110.29 114.879 110.325C114.865 110.343 114.836 110.352 114.833 110.378C114.823 110.482 114.725 110.522 114.696 110.613C114.626 110.616 114.62 110.672 114.591 110.711C114.559 110.751 114.525 110.79 114.483 110.82C114.415 110.87 114.342 110.914 114.271 110.96C114.244 110.977 114.21 110.987 114.194 111.014C114.081 111.182 113.934 111.318 113.783 111.449C113.747 111.48 113.717 111.516 113.681 111.546L113.497 111.693C113.446 111.736 113.386 111.769 113.344 111.821C113.242 111.948 113.122 112.056 112.993 112.152C112.895 112.226 112.797 112.296 112.682 112.345C112.628 112.37 112.584 112.408 112.543 112.452C112.51 112.488 112.473 112.514 112.414 112.506C112.362 112.501 112.332 112.525 112.319 112.586C112.307 112.634 112.257 112.646 112.218 112.662C112.109 112.701 111.998 112.732 111.888 112.766C111.877 112.768 111.865 112.773 111.858 112.783C111.736 112.951 111.547 113.007 111.381 113.101C111.289 113.153 111.194 113.2 111.106 113.265C111.046 113.308 110.975 113.32 110.9 113.323C110.86 113.324 110.828 113.282 110.804 113.199C110.788 113.143 110.777 113.085 110.765 113.03C110.761 113.009 110.762 112.982 110.771 112.977C110.814 112.948 110.836 112.874 110.908 112.904C110.997 112.941 111.06 112.91 111.112 112.848C111.154 112.799 111.206 112.767 111.234 112.698C111.245 112.673 111.266 112.662 111.291 112.665C111.429 112.676 111.533 112.616 111.606 112.503C111.623 112.476 111.648 112.46 111.681 112.457C111.741 112.453 111.793 112.43 111.848 112.413C111.858 112.41 111.868 112.4 111.87 112.385C111.881 112.315 111.911 112.279 111.98 112.299C111.989 112.302 111.998 112.299 112.001 112.29C112.035 112.198 112.129 112.204 112.195 112.164C112.271 112.116 112.33 112.046 112.398 111.986C112.422 111.963 112.457 111.955 112.486 111.939L112.654 111.845C112.696 111.821 112.732 111.785 112.781 111.77C112.814 111.762 112.879 111.798 112.903 111.779C112.928 111.76 112.916 111.697 112.925 111.66C112.929 111.644 112.945 111.637 112.96 111.632C113.047 111.609 113.105 111.55 113.168 111.495C113.2 111.47 113.235 111.445 113.269 111.421C113.347 111.362 113.416 111.291 113.508 111.246C113.596 111.206 113.616 111.101 113.685 111.043C113.752 110.987 113.801 110.914 113.86 110.85C113.891 110.817 113.926 110.788 113.956 110.755C114.051 110.659 114.175 110.585 114.235 110.459C114.246 110.438 114.261 110.42 114.282 110.408C114.315 110.39 114.364 110.384 114.387 110.358C114.408 110.333 114.387 110.273 114.413 110.253C114.516 110.165 114.559 110.031 114.634 109.923C114.701 109.832 114.725 109.714 114.823 109.644C114.853 109.621 114.849 109.572 114.862 109.537C114.87 109.511 114.872 109.479 114.895 109.465C114.967 109.422 114.993 109.35 115.026 109.282C115.042 109.249 115.061 109.213 115.097 109.194C115.187 109.15 115.186 109.056 115.193 108.968C115.194 108.939 115.183 108.903 115.203 108.886C115.3 108.806 115.282 108.667 115.343 108.571C115.387 108.499 115.406 108.412 115.5 108.363C115.531 108.348 115.527 108.31 115.544 108.284C115.567 108.25 115.553 108.198 115.621 108.185C115.635 108.182 115.644 108.17 115.642 108.159C115.622 108.001 115.673 107.868 115.622 107.705C115.579 107.569 115.618 107.436 115.635 107.33C115.639 107.299 115.603 107.262 115.651 107.239C115.665 107.232 115.638 107.209 115.634 107.194C115.621 107.158 115.58 107.121 115.602 107.093C115.638 107.046 115.609 107 115.596 106.965C115.586 106.929 115.572 106.908 115.58 106.887C115.582 106.883 115.583 106.876 115.583 106.876C115.583 106.876 115.602 106.859 115.605 106.859C115.614 106.854 115.629 106.836 115.632 106.833C115.632 106.833 115.641 106.821 115.637 106.827C115.632 106.834 115.632 106.837 115.629 106.844C115.625 106.853 115.624 106.86 115.622 106.867C115.625 106.857 115.626 106.846 115.629 106.833C115.635 106.798 115.641 106.756 115.648 106.71C115.655 106.669 115.665 106.627 115.675 106.586C115.704 106.483 115.724 106.46 115.776 106.476C115.795 106.483 115.814 106.491 115.831 106.502L115.88 106.538Z" fill="white"/>
<path d="M106.291 109.276C106.187 109.298 106.078 109.274 105.976 109.31C105.843 109.353 105.705 109.376 105.57 109.41C105.561 109.413 105.551 109.425 105.544 109.419C105.454 109.353 105.405 109.438 105.341 109.468C105.221 109.524 105.139 109.654 105.017 109.691C104.893 109.724 104.785 109.798 104.672 109.857C104.608 109.89 104.544 109.926 104.492 109.981C104.367 110.11 104.23 110.207 104.081 110.287C103.987 110.343 103.895 110.403 103.804 110.464C103.716 110.529 103.633 110.601 103.551 110.675C103.464 110.76 103.378 110.843 103.289 110.925C103.204 111.012 103.117 111.094 103.035 111.182C103.018 111.202 102.991 111.21 102.966 111.225C102.95 111.235 102.926 111.236 102.921 111.254C102.885 111.4 102.7 111.392 102.639 111.513C102.556 111.51 102.541 111.57 102.53 111.637C102.52 111.688 102.474 111.717 102.442 111.755C102.425 111.775 102.393 111.785 102.387 111.812C102.364 111.923 102.262 111.972 102.226 112.07C102.15 112.077 102.141 112.139 102.111 112.184C102.078 112.231 102.043 112.279 102.001 112.319C101.931 112.383 101.859 112.447 101.787 112.512C101.759 112.537 101.723 112.557 101.709 112.588C101.661 112.695 101.607 112.797 101.546 112.894C101.489 112.993 101.427 113.091 101.365 113.189C101.337 113.236 101.317 113.287 101.29 113.334C101.245 113.414 101.193 113.488 101.152 113.571C101.116 113.638 101.07 113.704 101.049 113.779C101.005 113.965 100.93 114.134 100.864 114.309C100.81 114.44 100.763 114.573 100.685 114.695C100.649 114.753 100.638 114.823 100.629 114.892C100.622 114.949 100.607 114.999 100.553 115.038C100.505 115.072 100.496 115.119 100.524 115.18C100.545 115.231 100.511 115.28 100.488 115.324C100.427 115.444 100.367 115.565 100.306 115.684C100.301 115.697 100.295 115.71 100.296 115.725C100.318 115.961 100.24 116.173 100.197 116.394C100.175 116.517 100.158 116.641 100.157 116.767C100.157 116.854 100.124 116.93 100.082 117.005C100.059 117.047 100.007 117.054 99.9219 117.027C99.8658 117.009 99.8125 116.986 99.7621 116.963C99.7419 116.955 99.7218 116.936 99.7218 116.924C99.7246 116.859 99.6771 116.789 99.7462 116.731C99.8298 116.662 99.8456 116.576 99.8283 116.479C99.8154 116.402 99.8254 116.327 99.7938 116.246C99.7822 116.219 99.7894 116.187 99.8082 116.165C99.9133 116.036 99.9378 115.889 99.9162 115.729C99.9104 115.689 99.9176 115.654 99.9421 115.62C99.9853 115.559 100.011 115.493 100.043 115.428C100.049 115.415 100.05 115.399 100.043 115.385C100.005 115.314 100.005 115.252 100.073 115.209C100.082 115.203 100.086 115.193 100.083 115.183C100.057 115.072 100.139 114.995 100.171 114.903C100.21 114.796 100.219 114.679 100.246 114.568C100.257 114.528 100.283 114.492 100.302 114.455L100.41 114.237C100.437 114.183 100.453 114.121 100.494 114.072C100.52 114.039 100.599 114.033 100.613 113.998C100.628 113.964 100.593 113.907 100.587 113.861C100.584 113.841 100.597 113.824 100.612 113.811C100.688 113.732 100.721 113.632 100.764 113.537C100.786 113.49 100.816 113.447 100.842 113.402C100.903 113.295 100.959 113.186 101.039 113.091C101.116 113.003 101.121 112.882 101.183 112.789C101.242 112.698 101.29 112.599 101.343 112.505C101.372 112.456 101.405 112.41 101.44 112.365C101.54 112.227 101.672 112.115 101.744 111.956C101.755 111.93 101.774 111.907 101.797 111.89C101.833 111.863 101.89 111.851 101.918 111.818C101.944 111.788 101.929 111.722 101.958 111.694C102.079 111.579 102.155 111.429 102.265 111.305C102.364 111.207 102.423 111.068 102.556 111C102.597 110.979 102.613 110.925 102.641 110.888C102.661 110.86 102.675 110.824 102.705 110.813C102.8 110.777 102.862 110.706 102.929 110.637C102.962 110.604 102.996 110.567 103.047 110.558C103.166 110.538 103.215 110.441 103.273 110.349C103.292 110.32 103.303 110.279 103.333 110.269C103.479 110.218 103.555 110.073 103.688 110.008C103.783 109.958 103.868 109.881 103.991 109.886C104.032 109.886 104.059 109.852 104.095 109.838C104.143 109.819 104.174 109.765 104.245 109.795C104.259 109.801 104.276 109.796 104.285 109.786C104.344 109.713 104.415 109.654 104.485 109.595C104.557 109.539 104.629 109.479 104.693 109.4C104.805 109.263 104.963 109.196 105.117 109.131C105.165 109.111 105.202 109.058 105.267 109.082C105.287 109.091 105.306 109.052 105.328 109.039C105.378 109.004 105.43 108.948 105.488 108.954C105.585 108.965 105.663 108.918 105.75 108.892C105.833 108.87 105.915 108.852 106.003 108.853C106.108 108.853 106.213 108.826 106.318 108.811C106.343 108.808 106.369 108.803 106.393 108.81C106.447 108.826 106.485 108.902 106.488 108.993C106.49 109.036 106.488 109.079 106.485 109.122C106.48 109.232 106.468 109.258 106.412 109.265C106.37 109.271 106.328 109.274 106.287 109.278H106.291V109.276Z" fill="white"/>
<path d="M109.02 110.954C108.913 110.964 108.81 110.915 108.7 110.931C108.56 110.944 108.419 110.944 108.28 110.955C108.271 110.955 108.259 110.967 108.252 110.96C108.177 110.879 108.113 110.947 108.042 110.963C107.977 110.977 107.917 111.009 107.858 111.039C107.797 111.073 107.738 111.104 107.673 111.109C107.545 111.121 107.42 111.158 107.295 111.187C107.223 111.202 107.151 111.22 107.087 111.264C106.933 111.366 106.772 111.418 106.602 111.454C106.389 111.513 106.179 111.59 105.977 111.683C105.761 111.802 105.542 111.907 105.328 112.02C105.305 112.034 105.276 112.035 105.248 112.043C105.231 112.047 105.207 112.043 105.197 112.058C105.117 112.192 104.942 112.126 104.844 112.22C104.763 112.191 104.73 112.241 104.7 112.303C104.674 112.351 104.622 112.365 104.58 112.391C104.557 112.405 104.524 112.405 104.51 112.43C104.454 112.531 104.337 112.541 104.269 112.621C104.194 112.603 104.164 112.659 104.121 112.693C104.075 112.729 104.027 112.764 103.974 112.789C103.888 112.829 103.797 112.862 103.706 112.899C103.672 112.914 103.631 112.92 103.605 112.944C103.448 113.118 103.268 113.261 103.083 113.402C103.041 113.437 103.008 113.481 102.967 113.517L102.763 113.699C102.705 113.75 102.641 113.798 102.597 113.861C102.501 114.025 102.383 114.168 102.263 114.311C102.168 114.416 102.093 114.532 101.987 114.629C101.936 114.675 101.905 114.738 101.877 114.8C101.854 114.852 101.826 114.894 101.764 114.917C101.707 114.937 101.69 114.98 101.702 115.046C101.71 115.101 101.667 115.14 101.634 115.177C101.549 115.278 101.457 115.378 101.368 115.478C101.358 115.488 101.35 115.5 101.349 115.514C101.326 115.752 101.206 115.938 101.118 116.142C101.08 116.259 101.046 116.378 101.025 116.499C101.01 116.583 100.966 116.651 100.913 116.718C100.884 116.754 100.829 116.756 100.75 116.718C100.697 116.694 100.648 116.665 100.6 116.635C100.583 116.623 100.564 116.602 100.567 116.59C100.581 116.527 100.545 116.449 100.623 116.403C100.718 116.347 100.746 116.263 100.744 116.164C100.744 116.085 100.761 116.008 100.75 115.925C100.745 115.896 100.758 115.866 100.782 115.847C100.914 115.739 100.969 115.601 100.979 115.435C100.982 115.395 100.996 115.36 101.026 115.332C101.082 115.283 101.127 115.224 101.173 115.169C101.182 115.159 101.188 115.143 101.183 115.127C101.165 115.049 101.183 114.989 101.258 114.963C101.268 114.96 101.275 114.95 101.275 114.94C101.277 114.825 101.373 114.766 101.431 114.685C101.499 114.593 101.542 114.483 101.601 114.384C101.622 114.347 101.658 114.319 101.686 114.288C101.742 114.227 101.792 114.164 101.85 114.106C101.895 114.061 101.929 114.008 101.982 113.974C102.017 113.951 102.095 113.968 102.121 113.939C102.147 113.91 102.128 113.845 102.137 113.799C102.139 113.779 102.157 113.766 102.174 113.758C102.27 113.703 102.33 113.616 102.404 113.543C102.44 113.506 102.484 113.474 102.524 113.439C102.618 113.359 102.702 113.268 102.808 113.203C102.907 113.143 102.956 113.033 103.047 112.966C103.134 112.902 103.208 112.817 103.289 112.745C103.33 112.706 103.378 112.675 103.425 112.644C103.569 112.551 103.732 112.488 103.847 112.355C103.866 112.333 103.892 112.318 103.918 112.308C103.961 112.292 104.02 112.302 104.058 112.279C104.092 112.259 104.099 112.192 104.137 112.176C104.292 112.112 104.407 111.982 104.55 111.9C104.677 111.838 104.779 111.73 104.924 111.703C104.97 111.694 105.001 111.647 105.04 111.618C105.067 111.598 105.09 111.566 105.123 111.563C105.225 111.557 105.306 111.51 105.391 111.465C105.433 111.444 105.477 111.42 105.528 111.425C105.647 111.439 105.722 111.357 105.804 111.284C105.832 111.262 105.855 111.226 105.886 111.225C106.04 111.22 106.157 111.105 106.301 111.073C106.354 111.062 106.405 111.042 106.458 111.029C106.513 111.02 106.567 111.017 106.628 111.036C106.667 111.048 106.703 111.023 106.74 111.02C106.792 111.016 106.837 110.973 106.897 111.017C106.91 111.027 106.927 111.027 106.939 111.017C107.015 110.96 107.097 110.915 107.181 110.878C107.264 110.842 107.349 110.804 107.43 110.744C107.571 110.64 107.738 110.598 107.901 110.574C107.951 110.567 107.999 110.522 108.056 110.561C108.075 110.574 108.101 110.541 108.124 110.532C108.18 110.512 108.241 110.464 108.295 110.482C108.388 110.51 108.473 110.477 108.562 110.467C108.645 110.463 108.729 110.461 108.814 110.48C108.916 110.503 109.023 110.487 109.126 110.49C109.151 110.49 109.177 110.49 109.2 110.499C109.249 110.522 109.276 110.603 109.265 110.693C109.26 110.736 109.25 110.778 109.242 110.82C109.22 110.928 109.203 110.951 109.146 110.951C109.105 110.951 109.063 110.948 109.02 110.947V110.954Z" fill="white"/>
<path d="M109.703 133.034C109.74 132.478 109.834 131.934 109.866 131.371C109.907 130.642 109.988 129.908 110.051 129.175C110.056 129.126 110.051 129.062 110.061 129.031C110.178 128.672 110.148 128.311 110.169 127.938C110.21 127.258 110.174 126.613 110.244 125.92C110.313 125.241 110.357 124.558 110.408 123.875C110.437 123.488 110.472 123.095 110.479 122.715C110.498 121.796 110.568 120.879 110.656 119.953C110.77 118.763 110.874 117.57 110.954 116.377C111.044 115.064 111.152 113.751 111.254 112.435C111.265 112.289 111.29 112.145 111.31 112C111.323 111.903 111.349 111.797 111.346 111.712C111.327 110.999 111.53 110.325 111.555 109.622C111.645 109.323 111.638 109.036 111.632 108.721C111.628 108.472 111.67 108.188 111.693 107.92C111.706 107.776 111.738 107.622 111.736 107.49C111.73 106.938 111.834 106.382 111.851 105.832C111.931 105.553 111.929 105.25 111.955 104.954C111.982 104.638 112.011 104.322 112.052 104.011C112.115 103.507 112.188 103.007 112.259 102.504C112.285 102.314 112.322 102.123 112.334 101.933C112.414 100.691 112.544 99.453 112.678 98.216L112.766 97.342L112.936 95.8861C112.985 95.4728 113.039 95.0567 113.074 94.6463C113.116 94.1466 113.162 93.6484 113.218 93.1501C113.278 92.6519 113.339 92.1551 113.399 91.6554C113.503 90.9008 113.598 90.1535 113.742 89.4076C113.808 89.0533 113.853 88.6847 113.893 88.3247C113.928 88.028 113.972 87.7516 114.057 87.4765C114.131 87.2317 114.167 86.9912 114.168 86.7104C114.168 86.4829 114.245 86.1877 114.298 85.9285C114.373 85.5844 114.446 85.2388 114.521 84.896L114.764 83.8693C114.782 83.7988 114.798 83.7239 114.806 83.6533C114.878 83.0629 115.002 82.4797 115.12 81.8936C115.243 81.3076 115.395 80.7287 115.528 80.1455C115.685 79.5004 115.846 78.8567 115.993 78.213C116.102 77.7752 116.239 77.3634 116.384 76.9516C116.465 76.7269 116.536 76.6578 116.603 76.7399C116.648 76.7946 116.685 76.8738 116.717 76.9588C116.73 76.9919 116.732 77.0711 116.717 77.1287C116.634 77.4512 116.605 77.7724 116.452 78.0964C116.261 78.4938 116.158 78.9402 116.071 79.4068C116.001 79.7812 115.906 80.1599 115.872 80.5343C115.859 80.661 115.82 80.8223 115.778 80.949C115.52 81.6834 115.375 82.4423 115.27 83.2112C115.243 83.4013 115.212 83.5813 115.158 83.7772C115.063 84.1228 114.985 84.4828 114.903 84.837C114.887 84.9061 114.874 84.9868 114.875 85.0501C114.877 85.3554 114.839 85.6535 114.733 85.9559C114.718 85.9948 114.707 86.0538 114.705 86.097C114.669 86.6082 114.534 87.0949 114.451 87.5946C114.351 88.1692 114.292 88.7495 114.217 89.3298C114.188 89.5444 114.144 89.7575 114.108 89.972L113.913 91.2018C113.864 91.5157 113.83 91.8368 113.775 92.1421C113.738 92.3437 113.644 92.5223 113.62 92.7181C113.594 92.9154 113.625 93.1184 113.623 93.3244C113.623 93.4122 113.605 93.5202 113.588 93.6124C113.489 94.138 113.434 94.6736 113.376 95.2093C113.349 95.4772 113.312 95.745 113.278 96.0114C113.199 96.6407 113.14 97.2757 113.048 97.8964C112.96 98.481 112.964 99.0498 112.898 99.6287C112.835 100.186 112.8 100.749 112.748 101.309L112.661 102.183C112.571 103.059 112.446 103.927 112.403 104.808C112.396 104.952 112.38 105.105 112.358 105.246C112.324 105.474 112.266 105.695 112.244 105.923C112.224 106.133 112.256 106.355 112.232 106.559C112.126 107.413 112.098 108.267 112.017 109.118C111.948 109.843 111.931 110.567 111.823 111.291C111.788 111.52 111.794 111.772 111.779 112.013C111.769 112.183 111.769 112.363 111.743 112.521C111.661 113.003 111.632 113.487 111.595 113.975C111.576 114.219 111.558 114.477 111.513 114.701C111.405 115.238 111.404 115.757 111.393 116.282C111.391 116.449 111.402 116.626 111.378 116.783C111.265 117.535 111.27 118.285 111.189 119.028C111.128 119.576 111.098 120.14 110.986 120.677C110.95 120.853 110.947 121.065 110.923 121.257C110.891 121.52 110.898 121.797 110.817 122.041C110.8 122.094 110.789 122.183 110.789 122.247C110.786 123.145 110.707 124.071 110.721 124.97C110.734 125.757 110.666 126.596 110.607 127.418C110.588 127.674 110.607 127.925 110.541 128.188C110.519 128.273 110.538 128.414 110.534 128.531C110.525 128.819 110.541 129.127 110.496 129.392C110.421 129.836 110.411 130.263 110.378 130.698C110.348 131.113 110.315 131.519 110.262 131.937C110.197 132.441 110.169 132.957 110.125 133.47C110.115 133.591 110.106 133.716 110.086 133.832C110.043 134.081 109.949 134.238 109.858 134.217C109.817 134.209 109.776 134.177 109.736 134.148C109.634 134.073 109.616 133.996 109.641 133.703L109.701 133.045V133.042L109.703 133.034Z" fill="#111116"/>
<path d="M139.774 64.8642C139.613 64.8758 139.455 64.8311 139.292 64.8484C139.082 64.87 138.867 64.8556 138.656 64.8614C138.641 64.8614 138.624 64.8714 138.614 64.8642C138.507 64.7807 138.405 64.8455 138.297 64.857C138.101 64.8801 137.917 64.9737 137.717 64.9708C137.519 64.9679 137.322 64.991 137.126 65.0068C137.014 65.0154 136.9 65.0198 136.792 65.05C136.53 65.1234 136.268 65.1508 136 65.158C135.656 65.1652 135.315 65.1998 134.975 65.2502L133.853 65.4129C133.811 65.4186 133.77 65.4114 133.726 65.4086C133.699 65.4086 133.666 65.3956 133.643 65.4086C133.453 65.5166 133.24 65.4042 133.047 65.469C132.952 65.4186 132.875 65.4618 132.792 65.5065C132.726 65.5425 132.644 65.541 132.567 65.554C132.527 65.5612 132.479 65.5511 132.445 65.5698C132.299 65.6505 132.132 65.6246 131.984 65.6836C131.895 65.6433 131.814 65.6865 131.732 65.7052C131.644 65.7239 131.555 65.7426 131.466 65.7484C131.32 65.7599 131.173 65.7614 131.026 65.7671C130.97 65.77 130.913 65.7614 130.861 65.7772C130.522 65.8938 130.174 65.9586 129.824 66.0364C129.742 66.0551 129.663 66.0839 129.582 66.1041L129.173 66.1991C129.058 66.2265 128.938 66.2466 128.83 66.297C128.567 66.4166 128.293 66.5001 128.021 66.5894C127.817 66.6628 127.612 66.7319 127.398 66.7751C127.295 66.7967 127.199 66.8414 127.107 66.8874C127.03 66.9263 126.957 66.958 126.866 66.9508C126.787 66.945 126.724 66.9738 126.665 67.043C126.617 67.0991 126.529 67.1121 126.456 67.1322C126.26 67.1855 126.06 67.2258 125.865 67.2834C125.845 67.2892 125.824 67.295 125.808 67.3079C125.526 67.5153 125.197 67.6175 124.886 67.7615C124.715 67.8422 124.545 67.9286 124.382 68.0265C124.271 68.0927 124.15 68.1273 124.025 68.1532C123.956 68.1676 123.913 68.1316 123.893 68.0452C123.878 67.9876 123.872 67.9286 123.868 67.871C123.868 67.8494 123.877 67.8177 123.891 67.809C123.976 67.7615 124.034 67.6694 124.152 67.6794C124.296 67.691 124.415 67.6348 124.525 67.5455C124.614 67.475 124.716 67.4246 124.794 67.3353C124.821 67.305 124.865 67.2849 124.905 67.282C125.141 67.2633 125.343 67.1682 125.527 67.0242C125.573 66.9882 125.621 66.9666 125.681 66.958C125.788 66.9436 125.887 66.9062 125.991 66.8802C126.011 66.8745 126.031 66.863 126.044 66.8457C126.104 66.7622 126.181 66.7175 126.286 66.7319C126.299 66.7334 126.316 66.729 126.326 66.719C126.443 66.611 126.601 66.6124 126.738 66.562C126.896 66.5015 127.048 66.4209 127.205 66.3561C127.262 66.3316 127.327 66.323 127.388 66.3071L127.737 66.2121C127.827 66.1876 127.912 66.1473 128.004 66.1386C128.064 66.1314 128.138 66.1833 128.192 66.1674C128.247 66.1516 128.285 66.081 128.335 66.0407C128.357 66.0234 128.388 66.0191 128.416 66.0177C128.576 66.0076 128.721 65.9529 128.869 65.9039C128.944 65.8809 129.022 65.8694 129.098 65.8521C129.278 65.8132 129.455 65.7599 129.638 65.7398C129.81 65.7196 129.954 65.6246 130.121 65.5958C130.28 65.567 130.436 65.5137 130.594 65.4734C130.676 65.4532 130.76 65.4359 130.844 65.423C131.096 65.3812 131.353 65.3754 131.597 65.289C131.637 65.2746 131.68 65.2674 131.722 65.2689C131.79 65.2689 131.86 65.2962 131.926 65.2876C131.987 65.279 132.04 65.217 132.101 65.2142C132.351 65.2026 132.586 65.1076 132.832 65.0802C133.041 65.0558 133.244 64.9809 133.459 64.9938C133.526 64.9982 133.595 64.9607 133.663 64.9449C133.712 64.9348 133.761 64.9132 133.808 64.9204C133.954 64.9449 134.091 64.9161 134.232 64.8945C134.301 64.8844 134.376 64.8714 134.444 64.8902C134.605 64.9319 134.75 64.8743 134.899 64.8282C134.946 64.8138 134.995 64.7822 135.041 64.7879C135.263 64.8167 135.475 64.7274 135.692 64.7274C135.852 64.7303 136.015 64.703 136.176 64.7577C136.229 64.7764 136.288 64.7577 136.346 64.7606C136.422 64.7649 136.501 64.7289 136.575 64.7836C136.591 64.7951 136.616 64.798 136.635 64.7908C136.892 64.703 137.161 64.6929 137.417 64.5906C137.643 64.4999 137.888 64.487 138.127 64.4726C138.202 64.4668 138.274 64.425 138.352 64.4668C138.378 64.4798 138.416 64.4495 138.451 64.4423C138.535 64.425 138.624 64.3804 138.7 64.3991C138.831 64.4322 138.955 64.4034 139.082 64.3991C139.203 64.3934 139.321 64.389 139.443 64.4063C139.59 64.4265 139.741 64.4078 139.891 64.4078C139.926 64.4078 139.963 64.4049 139.996 64.415C140.07 64.4366 140.116 64.5158 140.11 64.6079C140.107 64.6511 140.098 64.6929 140.091 64.7361C140.07 64.8455 140.048 64.8686 139.963 64.87C139.9 64.87 139.836 64.87 139.772 64.8686V64.8642H139.774Z" fill="#111116"/>
<path d="M116.694 122.09C116.716 122.012 116.739 121.934 116.759 121.857C116.826 121.597 116.914 121.344 116.999 121.091C117.018 121.034 117.025 120.974 117.045 120.918C117.084 120.805 117.127 120.695 117.168 120.582C117.175 120.562 117.189 120.543 117.184 120.52C117.149 120.405 117.198 120.314 117.227 120.216C117.257 120.114 117.267 120.006 117.287 119.903C117.307 119.803 117.294 119.695 117.395 119.62C117.428 119.596 117.425 119.55 117.417 119.509C117.402 119.443 117.425 119.388 117.459 119.337C117.533 119.217 117.525 119.073 117.575 118.946C117.592 118.903 117.611 118.86 117.63 118.817C117.637 118.801 117.652 118.787 117.649 118.769C117.63 118.648 117.708 118.556 117.725 118.447C117.749 118.275 117.844 118.127 117.902 117.967C117.99 117.722 118.06 117.472 118.14 117.224C118.181 117.09 118.225 116.956 118.268 116.822C118.328 116.641 118.393 116.461 118.449 116.278C118.468 116.218 118.471 116.151 118.482 116.088C118.514 115.919 118.622 115.775 118.649 115.607C118.67 115.479 118.719 115.361 118.766 115.241C118.782 115.202 118.805 115.165 118.819 115.125C118.864 114.996 118.907 114.867 118.946 114.736C118.992 114.585 119.032 114.433 119.077 114.282C119.128 114.111 119.179 113.939 119.227 113.768C119.282 113.571 119.339 113.375 119.381 113.175C119.45 112.844 119.571 112.528 119.669 112.209C119.701 112.103 119.742 112.003 119.807 111.908C119.876 111.805 119.894 111.687 119.911 111.568C119.937 111.389 119.994 111.221 120.069 111.057C120.123 110.941 120.177 110.825 120.216 110.705C120.248 110.609 120.255 110.505 120.278 110.406C120.287 110.368 120.304 110.334 120.323 110.299C120.396 110.162 120.5 110.037 120.534 109.886C120.539 109.87 120.555 109.857 120.562 109.841C120.645 109.69 120.73 109.539 120.809 109.386C120.83 109.349 120.83 109.303 120.843 109.264C120.845 109.254 120.876 109.242 120.881 109.245C120.91 109.258 120.949 109.274 120.958 109.29C120.972 109.311 120.972 109.336 120.968 109.356C120.939 109.454 120.906 109.552 120.876 109.65C120.863 109.69 120.853 109.732 120.84 109.772C120.805 109.882 120.769 109.99 120.736 110.099C120.673 110.306 120.605 110.514 120.549 110.723C120.457 111.064 120.339 111.398 120.229 111.732C120.206 111.801 120.202 111.875 120.179 111.944C119.976 112.554 119.82 113.178 119.626 113.791C119.562 113.99 119.486 114.186 119.424 114.384C119.333 114.672 119.251 114.965 119.161 115.253C119.07 115.541 118.973 115.827 118.88 116.114C118.783 116.411 118.687 116.706 118.592 117.001C118.5 117.293 118.412 117.588 118.318 117.879C118.183 118.301 118.04 118.722 117.906 119.144C117.859 119.293 117.832 119.45 117.79 119.602C117.749 119.744 117.7 119.885 117.654 120.028C117.646 120.057 117.633 120.084 117.626 120.113C117.572 120.309 117.525 120.507 117.469 120.702C117.376 121.017 117.287 121.332 117.178 121.642C117.09 121.891 117.022 122.146 116.946 122.399C116.906 122.531 116.868 122.662 116.824 122.79C116.811 122.826 116.783 122.856 116.75 122.883C116.728 122.902 116.688 122.912 116.628 122.889C116.573 122.867 116.551 122.84 116.553 122.811C116.559 122.708 116.553 122.6 116.574 122.5C116.605 122.359 116.654 122.222 116.695 122.084H116.694V122.09Z" fill="#111116"/>
<path d="M127.912 91.6984C128.048 92.0397 128.132 92.3968 128.276 92.7395C128.465 93.183 128.62 93.6453 128.794 94.0974C128.806 94.1277 128.83 94.1622 128.83 94.1853C128.836 94.4416 128.98 94.6389 129.079 94.8664C129.261 95.2782 129.503 95.6368 129.667 96.063C129.828 96.4835 130.017 96.8939 130.204 97.3014C130.309 97.5347 130.416 97.7723 130.54 97.9897C130.843 98.5139 131.105 99.0553 131.37 99.6069C131.71 100.314 132.076 101.008 132.479 101.685C132.92 102.429 133.361 103.175 133.814 103.917C133.865 103.999 133.902 104.088 133.945 104.175C133.974 104.232 133.996 104.301 134.033 104.344C134.341 104.704 134.452 105.167 134.721 105.547C134.77 105.753 134.894 105.898 135.029 106.06C135.136 106.186 135.218 106.358 135.309 106.51C135.358 106.592 135.395 106.69 135.451 106.758C135.683 107.042 135.827 107.389 136.04 107.684C136.089 107.874 136.216 108.029 136.317 108.198C136.423 108.378 136.531 108.558 136.626 108.742C136.782 109.04 136.927 109.341 137.077 109.641C137.123 109.729 137.169 109.818 137.214 109.907C137.264 110.002 137.313 110.094 137.371 110.185L137.803 110.889C137.293 110.845 136.76 110.79 136.233 110.734L135.224 110.621L134.646 110.567L133.686 110.459C133.414 110.43 133.139 110.391 132.867 110.382C132.206 110.358 131.546 110.302 130.887 110.25C130.387 110.211 129.892 110.169 129.395 110.103C129.16 110.071 128.915 110.063 128.676 110.06C128.479 110.057 128.296 110.045 128.11 109.994C127.946 109.948 127.786 109.942 127.602 109.972C127.452 109.996 127.255 109.965 127.081 109.945C126.62 109.89 126.158 109.834 125.697 109.779C125.649 109.773 125.599 109.769 125.553 109.77C124.769 109.802 123.982 109.732 123.196 109.696C122.761 109.675 122.323 109.665 121.888 109.665C121.591 109.667 121.308 109.636 121.023 109.595C120.867 109.573 120.812 109.52 120.856 109.435C120.884 109.377 120.93 109.323 120.979 109.271C120.998 109.251 121.05 109.229 121.089 109.229C121.309 109.229 121.521 109.18 121.753 109.248C122.036 109.331 122.337 109.344 122.653 109.323C122.905 109.305 123.164 109.317 123.412 109.279C123.497 109.266 123.606 109.272 123.692 109.289C124.201 109.392 124.712 109.41 125.226 109.379C125.353 109.372 125.475 109.377 125.606 109.4C125.841 109.441 126.083 109.462 126.323 109.491C126.369 109.497 126.424 109.497 126.466 109.488C126.667 109.446 126.866 109.444 127.072 109.508C127.098 109.517 127.138 109.52 127.167 109.517C127.507 109.482 127.837 109.562 128.171 109.588C128.555 109.619 128.943 109.616 129.33 109.638C129.473 109.645 129.615 109.67 129.759 109.684L130.578 109.775C130.787 109.798 131 109.806 131.205 109.841C131.339 109.864 131.457 109.945 131.586 109.958C131.717 109.969 131.851 109.924 131.988 109.913C132.047 109.909 132.118 109.919 132.178 109.93C132.527 109.999 132.882 110.021 133.237 110.051C133.414 110.066 133.591 110.09 133.767 110.112C134.183 110.159 134.603 110.195 135.014 110.264C135.398 110.329 135.777 110.309 136.16 110.356C136.494 110.4 136.799 110.416 137.103 110.444L137.09 110.424C137.007 110.286 136.935 110.152 136.854 110.009L136.449 109.274C136.308 109.02 136.163 108.768 135.999 108.528C135.945 108.448 135.895 108.361 135.855 108.276C135.79 108.137 135.745 107.992 135.67 107.861C135.601 107.74 135.482 107.644 135.418 107.523C135.153 107.019 134.825 106.559 134.54 106.072C134.298 105.658 134.013 105.27 133.804 104.834C133.738 104.696 133.63 104.568 133.543 104.434C133.481 104.34 133.408 104.245 133.365 104.147C133.235 103.849 133.062 103.58 132.895 103.303C132.812 103.167 132.724 103.018 132.671 102.876C132.545 102.533 132.338 102.258 132.141 101.973C132.077 101.882 131.998 101.793 131.957 101.696C131.756 101.236 131.463 100.829 131.251 100.383C131.094 100.053 130.914 99.725 130.815 99.3722C130.781 99.257 130.709 99.1374 130.661 99.0179C130.594 98.8566 130.488 98.704 130.473 98.5297C130.47 98.4923 130.449 98.4362 130.426 98.4002C130.112 97.8918 129.864 97.3302 129.55 96.819C129.274 96.3712 129.059 95.8571 128.848 95.3531C128.781 95.1961 128.683 95.0579 128.659 94.8765C128.652 94.8174 128.59 94.7425 128.555 94.6734C128.472 94.5021 128.359 94.3278 128.316 94.155C128.243 93.8656 128.12 93.6093 128.012 93.3414C127.912 93.0851 127.814 92.8331 127.733 92.5667C127.637 92.2441 127.501 91.9288 127.385 91.6105C127.357 91.5357 127.325 91.4579 127.308 91.383C127.271 91.2189 127.308 91.0907 127.399 91.0662C127.441 91.0547 127.487 91.0576 127.533 91.059C127.651 91.0633 127.69 91.1022 127.757 91.2837L127.906 91.6941L127.909 91.6969L127.912 91.6984Z" fill="#111116"/>
<path d="M143.269 131.801C143.184 131.928 143.099 132.056 143.012 132.181C142.957 132.177 142.902 132.17 142.849 132.164C142.081 132.078 141.32 131.957 140.558 131.849C140.142 131.79 139.726 131.713 139.308 131.638C138.893 131.566 138.477 131.49 138.062 131.402C137.97 131.384 137.882 131.352 137.792 131.326C137.731 131.309 137.666 131.277 137.613 131.276C137.151 131.261 136.752 131.018 136.306 130.949C136.131 130.841 135.944 130.829 135.741 130.815C135.581 130.805 135.407 130.741 135.241 130.698C135.151 130.674 135.06 130.63 134.974 130.622C134.619 130.584 134.285 130.442 133.935 130.378C133.774 130.275 133.58 130.25 133.397 130.198C133.202 130.142 133.005 130.086 132.815 130.018C132.507 129.913 132.207 129.785 131.905 129.667C131.79 129.621 131.677 129.566 131.559 129.535C131.368 129.483 131.175 129.428 130.985 129.372L130.417 129.182C130.04 129.052 129.664 128.924 129.29 128.782L128.761 128.589C128.469 128.476 128.177 128.364 127.886 128.247C127.64 128.148 127.393 128.038 127.143 127.956C126.531 127.761 125.939 127.509 125.344 127.265C124.894 127.082 124.454 126.878 124.021 126.659C123.816 126.554 123.595 126.467 123.379 126.381C123.202 126.31 123.039 126.237 122.889 126.123C122.755 126.025 122.613 125.963 122.435 125.927C122.29 125.9 122.122 125.801 121.975 125.716C121.58 125.494 121.19 125.274 120.794 125.052C120.755 125.029 120.712 125.004 120.67 124.987C119.962 124.711 119.288 124.338 118.618 123.972C118.244 123.773 117.868 123.579 117.491 123.384C117.233 123.255 117.001 123.101 116.773 122.938C116.648 122.85 116.628 122.78 116.703 122.722C116.755 122.683 116.819 122.656 116.886 122.631C116.912 122.621 116.966 122.624 116.999 122.641C117.188 122.739 117.394 122.788 117.563 122.951C117.768 123.15 118.02 123.297 118.304 123.409C118.53 123.5 118.752 123.616 118.984 123.687C119.063 123.71 119.155 123.76 119.223 123.812C119.622 124.119 120.068 124.328 120.535 124.503C120.65 124.545 120.754 124.597 120.862 124.67C121.052 124.798 121.262 124.905 121.465 125.02C121.504 125.042 121.554 125.062 121.595 125.069C121.789 125.102 121.969 125.173 122.127 125.31C122.147 125.327 122.182 125.344 122.209 125.353C122.525 125.444 122.795 125.626 123.086 125.766C123.423 125.923 123.769 126.061 124.117 126.198C124.246 126.25 124.367 126.318 124.493 126.377L125.209 126.719C125.393 126.803 125.588 126.874 125.763 126.967C125.881 127.028 125.963 127.138 126.08 127.189C126.198 127.238 126.334 127.235 126.465 127.262C126.519 127.275 126.583 127.306 126.633 127.334C126.935 127.496 127.261 127.611 127.583 127.733C127.743 127.794 127.9 127.864 128.059 127.932C128.435 128.082 128.819 128.216 129.186 128.38C129.529 128.537 129.889 128.599 130.24 128.727C130.576 128.849 130.92 128.954 131.263 129.061C131.441 129.116 131.618 129.178 131.795 129.237C132.06 129.324 132.324 129.422 132.589 129.514C132.855 129.601 133.123 129.68 133.398 129.742C133.489 129.762 133.581 129.791 133.667 129.826C133.804 129.88 133.932 129.955 134.072 129.997C134.202 130.034 134.35 130.018 134.475 130.059C134.999 130.224 135.535 130.33 136.064 130.456C136.513 130.567 136.971 130.639 137.417 130.779C137.557 130.825 137.72 130.832 137.871 130.857C137.977 130.875 138.093 130.884 138.189 130.918C138.484 131.024 138.79 131.075 139.099 131.129C139.25 131.155 139.415 131.183 139.551 131.235C139.881 131.361 140.212 131.382 140.548 131.405C140.654 131.414 140.768 131.405 140.866 131.433C141.333 131.559 141.815 131.562 142.283 131.64C142.611 131.693 142.95 131.715 143.274 131.797L143.271 131.803L143.269 131.801Z" fill="#111116"/>
<path d="M93.3977 79.5132L109.377 84.9722L113.921 125.645L97.6457 119.218L93.3977 79.5146V79.5132Z" fill="white"/>
<path d="M119.407 111.403C119.407 111.403 118 109.775 116.43 107.073C114.859 104.372 111.419 99.4039 111.419 99.4039L111.899 104.457C111.961 105.111 111.339 105.607 110.718 105.404C110.021 105.175 109.288 104.414 108.646 103.712C107.331 102.275 106.297 100.438 105.196 99.0986C104.094 97.7594 103.131 97.2641 102.383 96.9718C101.636 96.6809 101.024 97.2338 101.024 97.2338L102.049 99.4255C102.049 99.4255 101.967 100.065 101.904 101.234C101.84 102.403 102.077 103.138 102.077 103.138C102.077 103.138 101.95 105.476 102.303 106.525C102.655 107.572 103.001 108.41 103.001 108.41C103.001 108.41 102.696 108.899 102.951 110.162C103.206 111.425 105.121 113.008 107.276 114.416C109.432 115.823 117.534 120.291 117.534 120.291L119.404 111.406V111.403H119.407Z" fill="#E59B78"/>
<path d="M106.518 106.623L106.417 106.512C106.304 106.391 106.208 106.257 106.113 106.123C106.091 106.093 106.061 106.071 106.041 106.041C105.999 105.981 105.962 105.917 105.923 105.857C105.916 105.845 105.914 105.829 105.897 105.828C105.808 105.819 105.786 105.757 105.747 105.707C105.707 105.655 105.651 105.616 105.603 105.57C105.558 105.527 105.488 105.503 105.511 105.409C105.518 105.379 105.489 105.367 105.461 105.36C105.413 105.35 105.397 105.317 105.389 105.278C105.37 105.189 105.281 105.151 105.242 105.076C105.229 105.05 105.217 105.025 105.204 104.999C105.2 104.989 105.201 104.974 105.19 104.971C105.108 104.947 105.108 104.863 105.056 104.817C104.975 104.745 104.955 104.634 104.903 104.544C104.824 104.405 104.73 104.277 104.644 104.143L104.506 103.926C104.445 103.826 104.388 103.723 104.326 103.625C104.306 103.592 104.27 103.569 104.242 103.54C104.17 103.464 104.165 103.343 104.09 103.269C104.032 103.213 104 103.141 103.967 103.069C103.956 103.046 103.951 103.017 103.94 102.994C103.9 102.922 103.858 102.849 103.813 102.78L103.653 102.539C103.593 102.448 103.537 102.355 103.475 102.264C103.404 102.16 103.337 102.055 103.256 101.959C103.122 101.799 103.036 101.612 102.929 101.436C102.894 101.378 102.869 101.317 102.864 101.242C102.858 101.161 102.805 101.109 102.753 101.056C102.674 100.977 102.622 100.88 102.588 100.775C102.563 100.7 102.539 100.624 102.501 100.558C102.471 100.503 102.421 100.461 102.382 100.412C102.367 100.393 102.362 100.37 102.356 100.346C102.336 100.251 102.342 100.14 102.284 100.065C102.278 100.057 102.282 100.042 102.28 100.032C102.257 99.9255 102.236 99.8189 102.208 99.7124C102.2 99.685 102.176 99.672 102.159 99.6447C102.157 99.6418 102.156 99.6288 102.159 99.6216C102.159 99.6116 102.17 99.6144 102.172 99.6101C102.193 99.5856 102.223 99.5554 102.246 99.5626C102.281 99.5727 102.294 99.5799 102.303 99.5928C102.342 99.6519 102.37 99.7052 102.403 99.7599L102.445 99.8261L102.549 100.009C102.617 100.123 102.68 100.239 102.753 100.349C102.873 100.527 102.969 100.72 103.074 100.908C103.096 100.946 103.134 100.975 103.155 101.013C103.342 101.357 103.576 101.672 103.776 102.006C103.841 102.116 103.894 102.231 103.96 102.34C104.055 102.497 104.159 102.65 104.255 102.805L104.539 103.278C104.637 103.439 104.735 103.602 104.837 103.76L105.145 104.227C105.292 104.453 105.433 104.682 105.586 104.904C105.641 104.983 105.711 105.048 105.77 105.124C105.825 105.196 105.874 105.271 105.926 105.346C105.936 105.36 105.944 105.377 105.956 105.39C106.035 105.485 106.119 105.576 106.195 105.673C106.319 105.828 106.446 105.979 106.559 106.142C106.65 106.273 106.759 106.39 106.863 106.509C106.916 106.571 106.973 106.632 107.023 106.696C107.037 106.714 107.039 106.744 107.036 106.774C107.034 106.794 107.017 106.829 106.968 106.871C106.924 106.908 106.893 106.918 106.876 106.911C106.816 106.882 106.748 106.859 106.699 106.817C106.631 106.758 106.578 106.686 106.52 106.619H106.519V106.621L106.518 106.623Z" fill="#904322"/>
<path d="M105.587 109.736L105.507 109.648C105.414 109.552 105.338 109.444 105.26 109.337C105.243 109.313 105.217 109.297 105.2 109.272C105.167 109.223 105.136 109.173 105.106 109.123C105.1 109.114 105.1 109.1 105.085 109.1C105.003 109.102 104.987 109.051 104.955 109.01C104.922 108.968 104.873 108.941 104.833 108.907C104.794 108.873 104.73 108.86 104.759 108.776C104.768 108.748 104.742 108.741 104.716 108.738C104.671 108.735 104.66 108.708 104.654 108.675C104.643 108.598 104.563 108.575 104.532 108.515C104.522 108.495 104.512 108.472 104.501 108.45C104.499 108.443 104.501 108.428 104.49 108.427C104.415 108.416 104.421 108.342 104.376 108.308C104.306 108.254 104.296 108.158 104.252 108.084C104.186 107.973 104.11 107.87 104.038 107.763C103.999 107.706 103.96 107.648 103.924 107.589C103.875 107.508 103.829 107.425 103.779 107.346C103.761 107.32 103.73 107.302 103.707 107.279C103.643 107.22 103.65 107.115 103.584 107.059C103.535 107.016 103.511 106.957 103.485 106.898C103.476 106.878 103.475 106.855 103.465 106.836C103.433 106.777 103.4 106.718 103.364 106.66C103.322 106.594 103.276 106.532 103.233 106.466C103.185 106.391 103.139 106.316 103.09 106.243C103.033 106.159 102.979 106.074 102.913 105.996C102.802 105.868 102.737 105.713 102.657 105.567C102.629 105.52 102.612 105.468 102.616 105.404C102.619 105.337 102.575 105.294 102.532 105.252C102.465 105.188 102.428 105.108 102.408 105.019C102.393 104.955 102.379 104.892 102.353 104.836C102.331 104.791 102.288 104.756 102.258 104.716C102.246 104.7 102.244 104.682 102.242 104.661C102.235 104.581 102.254 104.487 102.212 104.424C102.208 104.417 102.213 104.404 102.212 104.395C102.206 104.304 102.202 104.214 102.192 104.126C102.189 104.104 102.167 104.091 102.16 104.072C102.159 104.068 102.176 104.048 102.182 104.045C102.21 104.032 102.249 104.016 102.264 104.015C102.285 104.013 102.297 104.019 102.303 104.029C102.327 104.072 102.346 104.119 102.369 104.163L102.399 104.218L102.471 104.369C102.52 104.463 102.566 104.559 102.621 104.648C102.71 104.797 102.781 104.954 102.857 105.109C102.873 105.141 102.904 105.164 102.92 105.194C103.06 105.476 103.247 105.73 103.403 106.001C103.453 106.088 103.493 106.184 103.544 106.273C103.62 106.4 103.704 106.52 103.78 106.647C103.858 106.772 103.931 106.901 104.008 107.027C104.088 107.157 104.167 107.287 104.249 107.415L104.503 107.786C104.624 107.966 104.739 108.151 104.866 108.326C104.91 108.388 104.971 108.439 105.021 108.498C105.067 108.554 105.108 108.614 105.151 108.673C105.16 108.685 105.165 108.699 105.175 108.709C105.242 108.784 105.312 108.855 105.376 108.931C105.478 109.055 105.583 109.176 105.674 109.308C105.746 109.415 105.835 109.508 105.92 109.606C105.963 109.657 106.008 109.707 106.047 109.762C106.057 109.776 106.055 109.802 106.049 109.831C106.045 109.85 106.025 109.881 105.976 109.922C105.93 109.958 105.901 109.969 105.887 109.964C105.836 109.942 105.776 109.926 105.737 109.894C105.681 109.848 105.64 109.788 105.594 109.735H105.587V109.736Z" fill="#904322"/>
<path d="M106.568 113.119L106.477 113.051C106.375 112.978 106.284 112.89 106.195 112.802C106.175 112.782 106.148 112.772 106.129 112.752C106.09 112.711 106.054 112.668 106.018 112.626C106.011 112.619 106.009 112.606 105.993 112.609C105.914 112.626 105.891 112.58 105.857 112.547C105.819 112.514 105.769 112.495 105.724 112.469C105.682 112.445 105.619 112.443 105.636 112.357C105.642 112.33 105.615 112.327 105.589 112.33C105.546 112.334 105.53 112.311 105.521 112.279C105.501 112.209 105.42 112.199 105.383 112.145C105.37 112.127 105.358 112.108 105.347 112.089C105.343 112.082 105.344 112.069 105.332 112.069C105.258 112.069 105.255 112 105.207 111.974C105.132 111.934 105.112 111.843 105.063 111.78C104.987 111.683 104.902 111.595 104.821 111.503C104.778 111.453 104.733 111.404 104.693 111.352C104.638 111.281 104.587 111.206 104.529 111.137C104.51 111.114 104.477 111.103 104.453 111.084C104.386 111.035 104.384 110.934 104.314 110.888C104.263 110.852 104.234 110.799 104.204 110.746C104.193 110.728 104.189 110.705 104.179 110.69C104.143 110.636 104.107 110.583 104.068 110.534C104.024 110.476 103.973 110.42 103.927 110.364C103.875 110.298 103.826 110.23 103.773 110.165C103.711 110.092 103.653 110.016 103.584 109.946C103.469 109.834 103.396 109.692 103.311 109.559C103.282 109.516 103.263 109.467 103.263 109.406C103.263 109.34 103.217 109.304 103.174 109.267C103.106 109.211 103.067 109.136 103.043 109.052C103.026 108.993 103.011 108.933 102.982 108.881C102.959 108.839 102.916 108.81 102.886 108.773C102.874 108.758 102.872 108.74 102.869 108.721C102.859 108.645 102.876 108.554 102.833 108.495C102.828 108.489 102.833 108.476 102.833 108.468C102.825 108.381 102.82 108.295 102.81 108.211C102.807 108.191 102.785 108.18 102.778 108.162C102.776 108.158 102.794 108.138 102.8 108.135C102.828 108.122 102.866 108.103 102.88 108.102C102.902 108.099 102.913 108.105 102.919 108.112C102.944 108.152 102.964 108.194 102.985 108.236L103.016 108.286L103.089 108.426C103.138 108.512 103.187 108.6 103.243 108.682C103.334 108.818 103.409 108.96 103.489 109.101C103.505 109.13 103.538 109.149 103.556 109.178C103.704 109.434 103.898 109.657 104.065 109.899C104.12 109.977 104.165 110.063 104.219 110.142C104.301 110.255 104.392 110.36 104.476 110.471C104.561 110.58 104.643 110.692 104.726 110.803C104.816 110.916 104.903 111.028 104.996 111.137L105.278 111.453C105.413 111.604 105.544 111.762 105.687 111.908C105.737 111.96 105.802 111.997 105.857 112.045C105.908 112.089 105.955 112.141 106.002 112.189C106.012 112.199 106.019 112.21 106.029 112.219C106.101 112.278 106.179 112.333 106.25 112.393C106.364 112.491 106.48 112.586 106.587 112.694C106.672 112.782 106.77 112.852 106.865 112.927C106.914 112.966 106.964 113.005 107.009 113.048C107.022 113.06 107.023 113.086 107.022 113.114C107.022 113.133 107.007 113.168 106.965 113.217C106.928 113.261 106.902 113.279 106.888 113.276C106.836 113.266 106.777 113.264 106.734 113.241C106.673 113.208 106.626 113.161 106.572 113.119H106.568Z" fill="#904322"/>
</g>
<defs>
<clipPath id="clip0_12074_2474">
<rect width="144" height="144" fill="white" transform="translate(8 8)"/>
</clipPath>
</defs>
</svg>
